종목코드,종목명
A000020,동화약품
A000040,KR모터스
A000050,경방
A000070,삼양홀딩스
A000080,하이트진로
A000087,하이트진로2우B
A0000D0,TIGER 엔비디아미국채커버드콜밸런스(합성)
A0000H0,KODEX 인도Nifty미드캡100
A0000J0,PLUS 한화그룹주
A0000Y0,HK 26-12 회사채(AA-이상)액티브
A0000Z0,RISE 바이오TOP10액티브
A000100,유한양행
A000105,유한양행우
A000120,CJ대한통운
A000140,하이트진로홀딩스
A000145,하이트진로홀딩스우
A000150,두산
A000155,두산우
A000157,두산2우B
A000180,성창기업지주
A0001P0,마이티 바이오시밀러&CDMO액티브
A0001S0,TIGER 26-04 회사채(A+이상)액티브
A000210,DL
A000215,DL우
A000220,유유제약
A000225,유유제약1우
A000227,유유제약2우B
A000230,일동홀딩스
A000240,한국앤컴퍼니
A000270,기아
A0002C0,에셋플러스 인도일등기업포커스20액티브
A000300,DH오토넥스
A000320,노루홀딩스
A000325,노루홀딩스우
A000370,한화손해보험
A000390,삼화페인트
A000400,롯데손해보험
A000430,대원강업
A000480,CR홀딩스
A000490,대동
A0004G0,1Q 미국배당TOP30
A000500,가온전선
A000520,삼일제약
A000540,흥국화재
A000545,흥국화재우
A000590,CS홀딩스
A0005A0,KODEX 미국S&P500데일리커버드콜OTM
A0005C0,RISE 미국S&P500엔화노출(합성 H)
A0005D0,SOL 전고체배터리&실리콘음극재
A0005G0,ITF K-AI반도체코어테크
A000640,동아쏘시오홀딩스
A000650,천일고속
A000660,SK하이닉스
A000670,영풍
A000680,LS네트웍스
A000700,유수홀딩스
A000720,현대건설
A000725,현대건설우
A000760,이화산업
A0007F0,KODEX 27-12 회사채(AA-이상)액티브
A0007G0,PLUS 글로벌원자력밸류체인
A0007N0,아이엠에셋 200
A000810,삼성화재
A000815,삼성화재우
A000850,화천기공
A000860,강남제비스코
A000880,한화
A00088K,한화3우B
A000890,보해양조
A0008E0,ACE 미국중심중소형제조업
A0008S0,TIGER 미국배당다우존스타겟데일리커버드콜
A0008T0,SOL 화장품TOP3플러스
A000910,유니온
A000950,전방
A000970,한국주철관
A000990,DB하이텍
A001020,페이퍼코리아
A001040,CJ
A001045,CJ우
A00104K,CJ4우(전환)
A001060,JW중외제약
A001065,JW중외제약우
A001067,JW중외제약2우B
A001070,대한방직
A001080,만호제강
A0010E0,ACE FTSE WGBI Korea
A001120,LX인터내셔널
A001130,대한제분
A001200,유진투자증권
A001210,금호전기
A001230,동국홀딩스
A001250,GS글로벌
A001260,남광토건
A001270,부국증권
A001275,부국증권우
A001290,상상인증권
A001340,PKC
A001360,삼성제약
A001380,SG글로벌
A001390,KG케미칼
A0013P0,RISE 미국은행TOP10
A0013R0,RISE 테슬라미국채타겟커버드콜혼합(합성)
A001420,태원물산
A001430,세아베스틸지주
A001440,대한전선
A001450,현대해상
A001460,BYC
A001465,BYC우
A001470,삼부토건
A001500,현대차증권
A001510,SK증권
A001515,SK증권우
A001520,동양
A001525,동양우
A001527,동양2우B
A001530,DI동일
A001550,조비
A001560,제일연마
A001570,금양
A0015B0,KoAct 미국나스닥성장기업액티브
A0015E0,KIWOOM 엔비디아미국30년국채혼합액티브(H)
A0015F0,KIWOOM 팔란티어미국30년국채혼합액티브(H)
A0015K0,TIGER 미국소비트렌드액티브
A001620,케이비아이동국실업
A001630,종근당홀딩스
A001680,대상
A001685,대상우
A0016X0,SOL 중단기회사채(A-이상)액티브
A001720,신영증권
A001740,SK네트웍스
A001750,한양증권
A001755,한양증권우
A001770,SHD
A001780,알루코
A001790,대한제당
A001795,대한제당우
A0017Y0,1Q 종합채권(AA-이상)액티브
A001800,오리온홀딩스
A001820,삼화콘덴서
A0018C0,PLUS 고배당주위클리고정커버드콜
A0018Z0,RISE 미국양자컴퓨팅
A001940,KISCO홀딩스
A0019K0,TIME 미국나스닥100채권혼합50액티브
A002020,코오롱
A002025,코오롱우
A002030,아세아
A002070,비비안
A0020H0,KoAct 글로벌양자컴퓨팅액티브
A002100,경농
A002140,고려산업
A002150,도화엔지니어링
A002170,삼양통상
A0021C0,ACE TDF장기자산배분액티브
A0021D0,ACE TDF2030액티브 적격
A0021E0,ACE TDF2050액티브 적격
A002200,한국수출포장
A002210,동성제약
A002220,한일철강
A002240,고려제강
A0022T0,SOL 국제금커버드콜액티브
A002310,아세아제지
A002320,한진
A002350,넥센타이어
A002355,넥센타이어1우B
A002360,SH에너지화학
A002380,KCC
A002390,한독
A0023A0,SOL 미국양자컴퓨팅TOP10
A0023B0,PLUS 미국양자컴퓨팅TOP10
A002410,범양건영
A002420,세기상사
A002450,삼익악기
A002460,HS화성
A0025N0,TIGER TDF2045 적격
A002600,조흥
A002620,제일파마홀딩스
A002630,오리엔트바이오
A002690,동일제강
A0026E0,KODEX 미국S&P500버퍼3월액티브
A0026S0,1Q 미국S&P500
A002700,신일전자
A002710,TCC스틸
A002720,국제약품
A002760,보락
A002780,진흥기업
A002785,진흥기업우B
A002787,진흥기업2우B
A002790,아모레퍼시픽홀딩스
A002795,아모레퍼시픽홀딩스우
A00279K,아모레퍼시픽홀딩스3우C
A002810,삼영무역
A002820,SUN&L
A002840,미원상사
A002870,신풍
A002880,대유에이텍
A0028X0,KODEX 미국금융테크액티브
A002900,TYM
A002920,유성기업
A002960,한국쉘석유
A002990,금호건설
A002995,금호건설우
A003000,부광약품
A003010,혜인
A003030,세아제강지주
A003060,에이프로젠바이오로직스
A003070,코오롱글로벌
A003075,코오롱글로벌우
A003080,SB성보
A003090,대웅
A0030R0,대신밸류리츠
A003120,일성아이에스
A003160,디아이
A003200,일신방직
A003220,대원제약
A003230,삼양식품
A003240,태광산업
A003280,흥아해운
A003300,한일홀딩스
A003350,한국화장품제조
A003460,유화증권
A003465,유화증권우
A003470,유안타증권
A003475,유안타증권우
A003480,한진중공업홀딩스
A003490,대한항공
A003495,대한항공우
A003520,영진약품
A003530,한화투자증권
A003535,한화투자증권우
A003540,대신증권
A003545,대신증권우
A003547,대신증권2우B
A003550,LG
A003555,LG우
A003570,SNT다이내믹스
A003580,HLB글로벌
A0035T0,PLUS 글로벌휴머노이드로봇액티브
A003610,방림
A003620,KG모빌리티
A003650,미창석유
A003670,포스코퓨처엠
A003680,한성기업
A003690,코리안리
A0036D0,TIME 미국배당다우존스액티브
A0036R0,RISE 미국휴머노이드로봇
A0036Z0,RISE 미국천연가스밸류체인
A003720,삼영
A003780,진양산업
A003830,대한화섬
A003850,보령
A0038A0,KODEX 미국휴머노이드로봇
A003920,남양유업
A003925,남양유업우
A003960,사조대림
A004000,롯데정밀화학
A004020,현대제철
A004060,SG세계물산
A004080,신흥
A004090,한국석유
A0040S0,HANARO 글로벌피지컬AI액티브
A0040X0,SOL 팔란티어미국채커버드콜혼합
A0040Y0,SOL 팔란티어커버드콜OTM채권혼합
A004100,태양금속
A004105,태양금속우
A004140,동방
A004150,한솔홀딩스
A004170,신세계
A0041D0,KODEX 미국AI소프트웨어TOP10
A0041E0,KODEX 미국S&P500액티브
A004250,NPC
A004255,NPC우
A004270,남성
A004310,현대약품
A004360,세방
A004365,세방우
A004370,농심
A004380,삼익THK
A0043B0,TIGER 머니마켓액티브
A0043Y0,TIME 차이나AI테크액티브
A004410,서울식품
A004415,서울식품우
A004430,송원산업
A004440,삼일씨엔에스
A004450,삼화왕관
A004490,세방전지
A004540,깨끗한나라
A004545,깨끗한나라우
A004560,현대비앤지스틸
A004690,삼천리
A0046A0,TIGER 미국초단기(3개월이하)국채
A0046Y0,ACE 미국배당퀄리티
A004700,조광피혁
A004710,한솔테크닉스
A004720,팜젠사이언스
A004770,써니전자
A0047A0,TIGER 차이나테크TOP10
A0047N0,PLUS 차이나AI테크TOP10
A0047P0,RISE 테슬라고정테크100
A0047R0,RISE 팔란티어고정테크100
A004800,효성
A004830,덕성
A004835,덕성우
A004840,DRB동일
A004870,티웨이홀딩스
A004890,동일산업
A0048J0,KODEX 미국머니마켓액티브
A0048K0,KODEX 차이나휴머노이드로봇
A004910,조광페인트
A004920,씨아이테크
A004960,한신공영
A004970,신라교역
A004980,성신양회
A004985,성신양회우
A004990,롯데지주
A00499K,롯데지주우
A0049K0,ACE 미국배당퀄리티채권혼합50
A0049M0,ACE 미국배당퀄리티+커버드콜액티브
A005010,휴스틸
A005030,부산주공
A005070,코스모신소재
A005090,SGC에너지
A0050E0,PLUS 미국AI에이전트
A005110,한창
A005180,빙그레
A0051A0,KoAct 브로드컴밸류체인액티브
A0051G0,SOL 미국원자력SMR
A005250,녹십자홀딩스
A005257,녹십자홀딩스2우
A0052D0,TIGER 코리아배당다우존스
A0052S0,1Q 미국S&P500미국채혼합50액티브
A0052T0,1Q 중단기회사채(A-이상)액티브
A005300,롯데칠성
A005305,롯데칠성우
A005320,온타이드
A005360,모나미
A005380,현대차
A005385,현대차우
A005387,현대차2우B
A005389,현대차3우B
A0053L0,TIGER 차이나휴머노이드로봇
A0053M0,더제이 중소형포커스액티브
A005420,코스모화학
A005430,한국공항
A005440,현대지에프홀딩스
A005490,POSCO홀딩스
A005500,삼진제약
A005610,SPC삼립
A005680,삼영전자
A005690,파미셀
A005720,넥센
A005725,넥센우
A005740,크라운해태홀딩스
A005745,크라운해태홀딩스우
A005750,대림바스
A0057H0,PLUS 미국S&P500미국채혼합50액티브
A005800,신영와코루
A005810,풍산홀딩스
A005820,원림
A005830,DB손해보험
A005850,에스엘
A005870,휴니드
A005880,대한해운
A005930,삼성전자
A005935,삼성전자우
A005940,NH투자증권
A005945,NH투자증권우
A005950,이수화학
A005960,동부건설
A005965,동부건설우
A006040,동원산업
A006060,화승인더
A006090,사조오양
A0060H0,TIGER 토탈월드스탁액티브
A006110,삼아알미늄
A006120,SK디스커버리
A006125,SK디스커버리우
A0061Z0,RISE 단기특수은행채액티브
A006200,한국전자홀딩스
A006220,제주은행
A006260,LS
A006280,녹십자
A006340,대원전선
A006345,대원전선우
A006360,GS건설
A006370,대구백화점
A006380,카프로
A006400,삼성SDI
A006405,삼성SDI우
A006490,인스코비
A0064K0,KODEX 금액티브
A006570,대림통상
A0065G0,KODEX 차이나테크TOP10
A006650,대한유화
A006660,삼성공조
A0066W0,SOL 국제금
A006740,블루산업개발
A0067V0,TIGER 차이나글로벌리더스TOP3+
A0067Y0,TIGER 차이나AI소프트웨어
A006800,미래에셋증권
A006805,미래에셋증권우
A00680K,미래에셋증권2우B
A006840,AK홀딩스
A006880,신송홀딩스
A006890,태경케미컬
A0068M0,KODEX 미국S&P500버퍼6월액티브
A006980,우성
A0069M0,1Q 미국나스닥100
A007070,GS리테일
A007110,일신석재
A007120,미래아이앤지
A007160,사조산업
A007210,벽산
A007280,한국특강
A0072R0,TIGER KRX금현물
A007310,오뚜기
A007340,DN오토모티브
A0073X0,FOCUS 알리바바미국채커버드콜혼합
A007460,에이프로젠
A0074K0,KoAct K수출핵심기업TOP30액티브
A007540,샘표
A007570,일양약품
A007575,일양약품우
A007590,동방아그로
A007610,선도전기
A007660,이수페타시스
A007690,국도화학
A007700,F&F홀딩스
A007810,코리아써키트
A007815,코리아써우
A00781K,코리아써키트2우B
A007860,서연
A0078V0,PLUS 미국로보택시
A007980,TP
A0079X0,ACE BYD밸류체인액티브
A008040,사조동아원
A008060,대덕
A00806K,대덕1우
A0080G0,KODEX 방산TOP10
A0080X0,SOL 미국S&P500미국채혼합50
A0080Y0,SOL 조선TOP3플러스레버리지
A008250,이건산업
A008260,NI스틸
A0082F0,HANARO 유럽방산
A0082V0,KODEX TDF2060액티브 적격
A008350,남선알미늄
A008355,남선알미우
A0083S0,1Q 미국메디컬AI
A008420,문배철강
A008490,서흥
A0084D0,KIWOOM 미국테크100월간목표헤지액티브
A0084E0,KIWOOM 미국대형주500월간목표헤지액티브
A008500,일정실업
A0085N0,ACE 미국10년국채액티브(H)
A0085P0,ACE 미국10년국채액티브
A008600,윌비스
A0086B0,TIGER 리츠부동산인프라TOP10액티브
A0086C0,TIGER 리츠부동산인프라10채권혼합액티브
A008700,아남전자
A008730,율촌화학
A008770,호텔신라
A008775,호텔신라우
A0087F0,ACE 차이나AI빅테크TOP2+액티브
A008870,금비
A0088N0,WON K-글로벌수급상위
A008930,한미사이언스
A008970,KBI동양철관
A0089B0,PLUS 미국나스닥100미국채혼합50
A0089C0,KODEX 미국S&P500변동성확대시커버드콜
A0089D0,KODEX 금융고배당TOP10
A009070,KCTC
A0090B0,PLUS K방산소부장
A009140,경인전자
A009150,삼성전기
A009155,삼성전기우
A009160,SIMPAC
A009180,한솔로지스틱스
A009190,대양금속
A0091C0,KODEX 미국10년국채액티브(H)
A0091M0,HANARO 27-06 회사채(AA-이상)액티브
A0091P0,TIGER 코리아원자력
A009200,무림페이퍼
A009240,한샘
A009270,신원
A009290,광동제약
A0092B0,SOL 한국원자력SMR
A0092C0,SOL 27-12 회사채(AA-이상)액티브
A009310,참엔지니어링
A009320,아진전자부품
A0093A0,RISE AI반도체TOP10
A0093B0,RISE 엔비디아고정테크100
A0093D0,KoAct 팔란티어밸류체인액티브
A009410,태영건설
A009415,태영건설우
A009420,한올바이오파마
A009440,KC그린홀딩스
A009450,경동나비엔
A009460,한창제지
A009470,삼화전기
A0094K0,TIGER 28-04 회사채(A+이상)액티브
A0094L0,RISE 차이나테크TOP10위클리타겟커버드콜
A0094M0,RISE 코리아밸류업위클리고정커버드콜
A0094X0,1Q 샤오미밸류체인액티브
A009540,HD한국조선해양
A009580,무림P&P
A009680,모토닉
A009770,삼정펄프
A0097L0,KIWOOM 한국고배당&미국AI테크
A009810,플레이그램
A009830,한화솔루션
A009835,한화솔루션우
A0098F0,KODEX 원자력SMR
A0098N0,PLUS 자사주매입고배당주
A0098Z0,FOCUS 200
A009900,명신산업
A009970,영원무역홀딩스
A0099L0,ACE 우량회사채(AA-이상)액티브
A010040,한국내화
A010060,OCI홀딩스
A0100K0,KODEX 방산TOP10레버리지
A010100,한국무브넥스
A010120,LS ELECTRIC
A010130,고려아연
A010140,삼성중공업
A0101N0,RISE AI전력인프라
A0102A0,TIGER 미국AI소프트웨어TOP4Plus
A0102X0,ACE 유럽방산TOP10
A0103T0,1Q K소버린AI
A010400,우진아이엔에스
A0104G0,PLUS K방산레버리지
A0104H0,KoAct 미국나스닥채권혼합50액티브
A0104N0,TIGER 200타겟위클리커버드콜
A0104P0,TIGER 코리아배당다우존스위클리커버드콜
A010580,에스엠벡셀
A0105D0,SOL 한국AI소프트웨어
A0105E0,SOL 코리아고배당
A010640,진양폴리
A010660,화천기계
A010690,화신
A0106J0,대신 KOSPI200인덱스 X클래스
A010770,평화홀딩스
A010780,아이에스동서
A0107F0,KIWOOM 미국고배당&AI테크
A010820,퍼스텍
A010950,S-Oil
A010955,S-Oil우
A010960,삼호개발
A011000,진원생명과학
A011070,LG이노텍
A011090,에넥스
A011150,CJ씨푸드
A011155,CJ씨푸드1우
A011170,롯데케미칼
A0111J0,HANARO 증권고배당TOP3플러스
A0111P0,1Q 미국나스닥100미국채혼합50액티브
A011200,HMM
A011210,현대위아
A011230,삼화전자
A011280,태림포장
A0112X0,마이티 200TR
A011300,성안머티리얼스
A011330,유니켐
A011390,부산산업
A0113D0,TIME 글로벌탑픽액티브
A0113G0,KoAct 미국바이오헬스케어액티브
A0113P0,HK 머니마켓액티브
A011420,갤럭시아에스엠
A0114X0,RISE 글로벌게임테크TOP3Plus
A011500,한농화성
A0115C0,RISE 미국고배당다우존스TOP10
A0115D0,KODEX 조선TOP10
A0115E0,KODEX 코리아소버린AI
A011690,와이투솔루션
A011700,한신기계
A011760,현대코퍼레이션
A011780,금호석유화학
A011785,금호석유화학우
A011790,SKC
A0117L0,KODEX 26-12 금융채(AA-이상)액티브
A0117V0,TIGER 코리아AI전력기기TOP3플러스
A011810,STX
A0118S0,SOL 미국넥스트테크TOP10액티브
A0118Z0,ACE 미국AI테크핵심산업액티브
A011930,신성이엔지
A0119H0,KODEX 28-12 회사채(AA-이상)액티브
A012030,DB
A0120G0,삼양바이오팜
A0120J0,BNK 카카오그룹포커스
A0120X0,유진 챔피언중단기크레딧 X클래스
A012160,영흥
A012170,아센디오
A012200,계양전기
A012205,계양전기우
A012280,영화금속
A0122W0,RISE 26-11 회사채(AA-이상)액티브
A012320,경동인베스트
A012330,현대모비스
A0123G0,TIGER 미국AI전력SMR
A0123S0,HANARO 26-12 은행채(AA+이상)액티브
A012450,한화에어로스페이스
A012510,더존비즈온
A012610,경인양행
A012630,HDC
A012690,모나리자
A0126Z0,삼성에피스홀딩스
A012750,에스원
A0127M0,ACE 미국대형가치주액티브
A0127P0,ACE 미국대형성장주액티브
A0127R0,RISE 미국AI클라우드인프라
A0127T0,KIWOOM 미국S&P500&배당다우존스비중전환
A0127V0,KIWOOM 미국S&P500 TOP10&배당다우비중전환
A012800,대창
A0128D0,PLUS 차이나항셍테크위클리타겟커버드콜
A013000,세우글로벌
A0131A0,SOL 차이나소비트렌드
A0131V0,1Q 미국우주항공테크
A0131W0,1Q 단기특수은행채액티브
A0132D0,KoAct 글로벌K컬처밸류체인액티브
A0132H0,KODEX 미국원자력SMR
A0132K0,PLUS 테슬라위클리커버드콜채권혼합
A013360,일성건설
A0133E0,TIGER 차이나증권
A013520,화승코퍼레이션
A013570,디와이
A013580,계룡건설
A0135Y0,ITF 중기종합채권(AA-이상)액티브
A013700,까뮤이앤씨
A0137V0,KIWOOM 미국S&P500모멘텀
A0137W0,KIWOOM 미국S&P500&GOLD
A013870,지엠비코리아
A013890,지누스
A0138D0,RISE 동학개미
A0138T0,RISE 미국S&P500데일리고정커버드콜
A0138Y0,PLUS 금채권혼합
A0139F0,TIGER 12월자동연장금융채(AA-이상)액티브
A0139P0,ACE 고배당주
A014130,한익스프레스
A014160,대영포장
A0141S0,SOL 조선기자재
A0141T0,SOL 중기종합채권(AA-이상)액티브
A014280,금강공업
A014285,금강공업우
A0142D0,TIGER 미국AI데이터센터TOP4Plus
A014440,영보화학
A0144L0,KODEX 미국성장커버드콜액티브
A0144M0,KODEX 미국드론UAM TOP10
A014530,극동유화
A014580,태경비케이
A014680,한솔케미칼
A014710,사조씨푸드
A014790,HL D&I
A014820,동원시스템즈
A014825,동원시스템즈우
A014830,유니드
A0148J0,TIGER 코리아휴머노이드로봇산업
A014910,성문전자
A014915,성문전자우
A014990,인디에프
A015020,이스타코
A0150K0,KoAct 수소전력ESS인프라액티브
A0151P0,RISE 코리아전략산업액티브
A0151S0,KODEX 미국AI반도체TOP3플러스
A015230,대창단조
A015260,에이엔피
A0152E0,SOL 배당성향탑픽액티브
A015360,INVENI
A0153K0,KODEX 주주환원고배당주
A0153P0,ACE 리츠부동산인프라액티브
A0153X0,PLUS 미국고배당주액티브
A0154F0,WON 초대형IB&금융지주
A0154H0,KoAct 차이나바이오헬스케어액티브
A015590,DKME
A0155M0,ACE 미국SMR원자력TOP10
A0155N0,HANARO K휴머노이드테마TOP10
A015760,한국전력
A015860,일진홀딩스
A015890,태경산업
A016090,대현
A0162L0,KODEX 차이나AI반도체TOP10
A0162M0,KODEX 금융채1~2년(AA-이상)PLUS액티브
A0162Y0,TIME 코스닥액티브
A0162Z0,RISE 삼성전자SK하이닉스채권혼합50
A016360,삼성증권
A016380,KG스틸
A0163Y0,KoAct 코스닥액티브
A016450,한세예스24홀딩스
A0164G0,RISE 차이나AI반도체TOP4Plus
A016580,환인제약
A016590,신대양제지
A016610,DB증권
A0166N0,PLUS 코스닥150액티브
A0166S0,PLUS K제조업핵심기업액티브
A0166T0,PLUS 글로벌저작권핵심기업액티브
A016710,대성홀딩스
A016740,두올
A0167A0,SOL AI반도체TOP2플러스
A0167B0,SOL 200타겟위클리커버드콜
A0167Z0,KODEX 미국우주항공
A016800,퍼시스
A016880,웅진
A0168K0,TIGER 기술이전바이오액티브
A017040,광명전기
A017180,명문제약
A0172V0,1Q 은액티브
A0172Y0,ACE K수출핵심TOP10산업액티브
A017370,우신시스템
A017390,서울가스
A0173Y0,KODEX 미국AI광통신네트워크
A0174J0,DAISHIN343 오피스리츠플러스
A0174R0,KIWOOM 미국성장다우존스
A017550,수산세보틱스
A017670,SK텔레콤
A0176E0,RISE 미국AI전력인프라액티브
A0176P0,FOCUS AI반도체위클리고정커버드콜
A0177A0,WON 두산그룹포커스
A0177N0,KODEX 삼성전자SK하이닉스채권혼합50
A0177X0,ACE K휴머노이드로봇산업TOP2+
A017800,현대엘리베이터
A017810,풀무원
A017860,DS단석
A017900,광전자
A017940,E1
A017960,한국카본
A018250,애경산업
A018260,삼성에스디에스
A018470,조일알미늄
A018500,동원금속
A018670,SK가스
A018880,한온시스템
A019170,신풍제약
A019175,신풍제약우
A019180,티에이치엔
A019490,엑시큐어하이트론
A019680,대교
A019685,대교우B
A020000,한섬
A020120,키다리스튜디오
A020150,롯데에너지머티리얼즈
A020560,아시아나항공
A020760,일진디스플
A021050,서원
A021240,코웨이
A021820,세원정공
A022100,포스코DX
A023000,삼원강재
A023150,MH에탄올
A023350,한국종합기술
A023450,동남합성
A023530,롯데쇼핑
A023590,다우기술
A023800,인지컨트롤스
A023810,인팩
A023960,에쓰씨엔지니어링
A024070,WISCOM
A024090,디씨엠
A024110,기업은행
A024720,콜마홀딩스
A024890,대원화성
A024900,디와이덕양
A025000,KPX케미칼
A025530,SJM홀딩스
A025540,한국단자
A025560,미래산업
A025620,차AI헬스케어
A025750,한솔홈데코
A025820,이구산업
A025860,남해화학
A025890,한국주강
A026890,스틱인베스트먼트
A026940,부국철강
A026960,동서
A027410,BGF
A027740,마니커
A027970,한국제지
A028050,삼성E&A
A028100,동아지질
A028260,삼성물산
A02826K,삼성물산우B
A028670,팬오션
A029460,케이씨
A029530,신도리코
A029780,삼성카드
A030000,제일기획
A030190,NICE평가정보
A030200,KT
A030210,다올투자증권
A030610,교보증권
A030720,동원수산
A031210,서울보증보험
A031430,신세계인터내셔날
A031440,신세계푸드
A031820,아이티센씨티에스
A032350,롯데관광개발
A032560,황금에스티
A032640,LG유플러스
A032830,삼성생명
A033240,자화전자
A033250,체시스
A033270,유나이티드제약
A033530,SJG세종
A033780,KT&G
A033920,무학
A034020,두산에너빌리티
A034120,SBS
A034220,LG디스플레이
A034230,파라다이스
A034310,NICE
A034590,인천도시가스
A034730,SK
A03473K,SK우
A034830,한국토지신탁
A035000,HS애드
A035150,백산
A035250,강원랜드
A035420,NAVER
A035510,신세계 I&C
A035720,카카오
A036420,콘텐트리중앙
A036460,한국가스공사
A036530,SNT홀딩스
A036570,엔씨소프트
A036580,팜스코
A037270,YG PLUS
A037560,LG헬로비전
A037710,광주신세계
A039130,하나투어
A039490,키움증권
A039570,HDC랩스
A041650,상신브레이크
A042660,한화오션
A042700,한미반도체
A044380,주연테크
A044450,KSS해운
A044820,코스맥스비티아이
A047040,대우건설
A047050,포스코인터내셔널
A047400,유니온머티리얼
A047810,한국항공우주
A049800,우진플라임
A051600,한전KPS
A051630,진양화학
A051900,LG생활건강
A051905,LG생활건강우
A051910,LG화학
A051915,LG화학우
A052690,한전기술
A053210,스카이라이프
A053690,한미글로벌
A055490,테이팩스
A055550,신한지주
A057050,현대홈쇼핑
A058430,포스코스틸리온
A058650,세아홀딩스
A058730,다스코
A058850,KTcs
A058860,KTis
A060980,HL홀딩스
A062040,산일전기
A063160,종근당바이오
A064350,현대로템
A064400,LG씨엔에스
A064960,SNT모티브
A066570,LG전자
A066575,LG전자우
A066970,엘앤에프
A067830,세이브존I&C
A068270,셀트리온
A068290,삼성출판사
A069260,TKG휴켐스
A069460,대호에이엘
A069500,KODEX 200
A069620,대웅제약
A069640,한세엠케이
A069660,KIWOOM 200
A069730,DSR제강
A069960,현대백화점
A070960,모나용평
A071050,한국금융지주
A071055,한국금융지주우
A071090,하이스틸
A071320,지역난방공사
A071840,롯데하이마트
A071950,코아스
A071970,HD현대마린엔진
A072130,유엔젤
A072710,농심홀딩스
A073240,금호타이어
A074610,이엔플러스
A075180,새론오토모티브
A075580,세진중공업
A077500,유니퀘스트
A077970,STX엔진
A078000,텔코웨어
A078520,에이블씨엔씨
A078930,GS
A078935,GS우
A079160,CJ CGV
A079430,현대리바트
A079550,LIG넥스원
A079900,전진건설로봇
A079980,휴비스
A081000,일진다이아
A081660,미스토홀딩스
A082640,동양생명
A082740,한화엔진
A083420,그린케미칼
A084010,대한제강
A084670,동양고속
A084680,이월드
A084690,대상홀딩스
A084695,대상홀딩스우
A084870,TBH글로벌
A085310,엔케이
A085620,미래에셋생명
A086280,현대글로비스
A086790,하나금융지주
A088260,이리츠코크렙
A088350,한화생명
A088790,진도
A088980,맥쿼리인프라
A089470,HDC현대EP
A089590,제주항공
A089860,롯데렌탈
A090080,평화산업
A090350,노루페인트
A090355,노루페인트우
A090370,메타랩스
A090430,아모레퍼시픽
A090435,아모레퍼시픽우
A090460,비에이치
A091160,KODEX 반도체
A091170,KODEX 은행
A091180,KODEX 자동차
A091220,TIGER 은행
A091230,TIGER 반도체
A091810,티웨이항공
A092200,디아이씨
A092220,KEC
A092230,KPX홀딩스
A092440,기신정기
A092780,DYP
A092790,넥스틸
A093050,LF
A093240,형지엘리트
A093370,후성
A094280,효성ITX
A094800,맵스리얼티
A095570,AJ네트웍스
A095720,웅진씽크빅
A096760,JW홀딩스
A096770,SK이노베이션
A096775,SK이노베이션우
A097230,HJ중공업
A097520,엠씨넥스
A097950,CJ제일제당
A097955,CJ제일제당 우
A099140,KODEX 차이나H
A100090,SK오션플랜트
A100220,비상교육
A100250,진양홀딩스
A100840,SNT에너지
A100910,KIWOOM KRX100
A101140,인바이오젠
A101280,KODEX 일본TOPIX100
A101530,해태제과식품
A102110,TIGER 200
A102260,동성케미컬
A102460,이연제약
A102780,KODEX 삼성그룹
A102960,KODEX 기계장비
A102970,KODEX 증권
A103140,풍산
A103590,일진전기
A104520,KIWOOM 블루칩
A104530,KIWOOM 고배당
A104700,한국철강
A105010,TIGER 라틴35
A105190,ACE 200
A105560,KB금융
A105630,한세실업
A105780,RISE 5대그룹주
A105840,우진
A107590,미원홀딩스
A108320,LX세미콘
A108450,ACE 삼성그룹섹터가중
A108590,TREX 200
A108670,LX하우시스
A108675,LX하우시스우
A109070,주성코퍼레이션
A111110,호전실업
A111380,동인기연
A111770,영원무역
A112610,씨에스윈드
A114090,GKL
A114100,RISE 국고채3년
A114260,KODEX 국고채3년
A114460,ACE 국고채3년
A114470,KIWOOM 국고채3년
A114800,KODEX 인버스
A114820,TIGER 국채3년
A117460,KODEX 에너지화학
A117580,대성에너지
A117680,KODEX 철강
A117690,TIGER 차이나항셍30
A117700,KODEX 건설
A118000,메타케어
A119650,KC코트렐
A120030,조선선재
A120110,코오롱인더
A120115,코오롱인더우
A122090,PLUS 코스피50
A122260,KIWOOM 통안채1년
A122630,KODEX 레버리지
A122900,아이마켓코리아
A123310,TIGER 인버스
A123320,TIGER 레버리지
A123690,한국화장품
A123700,SJM
A123890,한국자산신탁
A126560,현대퓨처넷
A126720,수산인더스트리
A128820,대성산업
A128940,한미약품
A129260,인터지스
A130660,한전산업
A130680,TIGER 원유선물Enhanced(H)
A130730,KIWOOM 단기자금
A131890,ACE 삼성그룹동일가중
A132030,KODEX 골드선물(H)
A133690,TIGER 미국나스닥100
A133820,화인베스틸
A134380,미원화학
A134790,시디즈
A136340,RISE 중기우량회사채
A136490,선진
A137310,에스디바이오센서
A137610,TIGER 농산물선물Enhanced(H)
A138040,메리츠금융지주
A138230,KIWOOM 미국달러선물
A138490,코오롱ENP
A138520,TIGER 삼성그룹
A138530,TIGER LG그룹플러스
A138540,TIGER 현대차그룹플러스
A138910,KODEX 구리선물(H)
A138920,KODEX 콩선물(H)
A138930,BNK금융지주
A139130,iM금융지주
A139220,TIGER 200 건설
A139230,TIGER 200 중공업
A139240,TIGER 200 철강소재
A139250,TIGER 200 에너지화학
A139260,TIGER 200 IT
A139270,TIGER 200 금융
A139280,TIGER 경기방어
A139290,TIGER 200 경기소비재
A139320,TIGER 금은선물(H)
A139480,이마트
A139660,KIWOOM 미국달러선물인버스
A139990,아주스틸
A140570,RISE 수출주
A140580,RISE 우량업종대표주
A140700,KODEX 보험
A140710,KODEX 운송
A140910,에이리츠
A140950,파워 코스피100
A143210,핸즈코퍼레이션
A143850,TIGER 미국S&P500선물(H)
A143860,TIGER 헬스케어
A144600,KODEX 은선물(H)
A145210,다이나믹디자인
A145270,케이탑리츠
A145670,ACE 인버스
A145720,덴티움
A145850,TREX 펀더멘탈 200
A145990,삼양사
A145995,삼양사우
A147970,TIGER 모멘텀
A148020,RISE 200
A148070,KIWOOM 국고채10년
A150460,TIGER 중국소비테마
A152100,PLUS 200
A152380,KODEX 국채선물10년
A152500,ACE 레버리지
A152550,한국ANKOR유전
A152870,파워 200
A153130,KODEX 단기채권
A153270,KIWOOM 코스피100
A155660,DSR
A156080,KODEX MSCI Korea
A157450,TIGER 단기통안채
A157490,TIGER 소프트웨어
A157500,TIGER 증권
A159800,마이티 코스피100
A160580,TIGER 구리실물
A161000,애경케미칼
A161390,한국타이어앤테크놀로지
A161510,PLUS 고배당주
A161890,한국콜마
A163560,동일고무벨트
A166400,TIGER 200커버드콜OTM
A167860,KIWOOM 국고채10년레버리지
A168580,ACE 중국본토CSI300
A169950,KODEX 차이나A50
A170900,동아에스티
A174350,TIGER 로우볼
A174360,RISE 중국본토대형주CSI100
A175330,JB금융지주
A176950,KODEX 국채선물10년인버스
A178920,PI첨단소재
A180640,한진칼
A18064K,한진칼우
A181480,ACE 미국부동산리츠(합성 H)
A181710,NHN
A182480,TIGER 미국MSCI리츠(합성 H)
A182490,TIGER 단기선진하이일드(합성 H)
A183190,아세아시멘트
A183700,RISE 채권혼합
A183710,RISE 주식혼합
A185680,KODEX 미국S&P바이오(합성)
A185750,종근당
A189400,PLUS 글로벌MSCI(합성 H)
A190620,ACE 단기통안채
A192080,더블유게임즈
A192090,TIGER 차이나CSI300
A192400,쿠쿠홀딩스
A192650,드림텍
A192720,파워 고배당저변동성
A192820,코스맥스
A194370,제이에스코퍼레이션
A195870,해성디에스
A195920,TIGER 일본TOPIX(합성 H)
A195930,TIGER 유로스탁스50(합성 H)
A195970,PLUS 선진국MSCI(합성 H)
A195980,PLUS 신흥국MSCI(합성 H)
A196030,ACE 일본TOPIX레버리지(H)
A196230,RISE 단기통안채
A200030,KODEX 미국S&P500산업재(합성)
A200250,KIWOOM 인도Nifty50(합성)
A200880,서연이화
A203780,TIGER 미국나스닥바이오
A204210,스타에스엠리츠
A204320,HL만도
A204450,KODEX 차이나H레버리지(H)
A204480,TIGER 차이나CSI300레버리지(합성)
A205720,ACE 일본TOPIX인버스(합성 H)
A207940,삼성바이오로직스
A210540,디와이파워
A210780,TIGER 코스피고배당
A210980,SK디앤디
A211560,TIGER 배당성장
A211900,KODEX 코리아배당성장
A213500,한솔제지
A213610,KODEX 삼성그룹밸류
A213630,PLUS 미국다우존스고배당주(합성 H)
A214320,이노션
A214330,금호에이치티
A214390,경보제약
A214420,토니모리
A214980,KODEX 단기채권PLUS
A215620,HK S&P코리아로우볼
A217590,티엠씨
A217770,TIGER 원유선물인버스(H)
A217780,TIGER 차이나CSI300인버스(합성)
A218420,KODEX 미국S&P500에너지(합성)
A219390,RISE 미국S&P원유생산기업(합성 H)
A219480,KODEX 미국S&P500선물(H)
A219900,ACE 중국본토CSI300레버리지(합성)
A220130,SOL 차이나강소기업CSI500(합성 H)
A223190,KODEX 200가치저변동
A225030,TIGER 미국S&P500선물인버스(H)
A225040,TIGER 미국S&P500레버리지(합성 H)
A225050,TIGER 유로스탁스레버리지(합성 H)
A225060,TIGER 이머징마켓MSCI레버리지(합성 H)
A225130,ACE 골드선물 레버리지(합성 H)
A225800,KIWOOM 미국달러선물레버리지
A226320,잇츠한불
A226380,ACE Fn성장소비주도주
A226490,KODEX 코스피
A226980,KODEX 200 중소형
A227540,TIGER 200 헬스케어
A227550,TIGER 200 산업재
A227560,TIGER 200 생활소비재
A227570,TIGER 우량가치
A227830,PLUS 코스피
A227840,현대코퍼레이션홀딩스
A228790,TIGER 화장품
A228800,TIGER 여행레저
A228810,TIGER 미디어컨텐츠
A228820,TIGER KTOP30
A229200,KODEX 코스닥150
A229640,LS에코에너지
A229720,KODEX KTOP30
A230480,KIWOOM 미국달러선물인버스2X
A232080,TIGER 코스닥150
A233160,TIGER 코스닥150 레버리지
A233740,KODEX 코스닥150레버리지
A234080,JW생명과학
A234310,RISE V&S셀렉트밸류
A236350,TIGER 인도니프티50레버리지(합성)
A237350,KODEX 코스피100
A237370,KODEX 코리아배당성장채권혼합
A237440,TIGER 경기방어채권혼합
A238670,PLUS 스마트베타Quality채권혼합
A238720,ACE 일본Nikkei225(H)
A239660,PLUS 우량회사채50
A241180,TIGER 일본니케이225
A241390,RISE V&S셀렉트밸류채권혼합
A241560,두산밥캣
A241590,화승엔터프라이즈
A243880,TIGER 200IT레버리지
A243890,TIGER 200에너지화학레버리지
A244580,KODEX 바이오
A244620,KODEX 모멘텀Plus
A244660,KODEX 퀄리티Plus
A244670,KODEX 밸류Plus
A244920,에이플러스에셋
A245340,TIGER 미국다우존스30
A245350,TIGER 유로스탁스배당30
A245360,TIGER 차이나HSCEI
A245710,ACE 베트남VN30(합성)
A248070,솔루엠
A248170,샘표식품
A248270,TIGER S&P글로벌헬스케어(합성)
A249420,일동제약
A250730,RISE 차이나HSCEI(H)
A250780,TIGER 코스닥150선물인버스
A251270,넷마블
A251340,KODEX 코스닥150선물인버스
A251350,KODEX MSCI선진국
A251590,PLUS 고배당저변동50
A251600,PLUS 고배당주채권혼합
A252000,TIGER 200동일가중
A252400,RISE 200선물레버리지
A252410,RISE 200선물인버스
A252420,RISE 200선물인버스2X
A252650,KODEX 200동일가중
A252670,KODEX 200선물인버스2X
A252710,TIGER 200선물인버스2X
A253150,PLUS 200선물레버리지
A253160,PLUS 200선물인버스2X
A253230,KIWOOM 200선물인버스2X
A253240,KIWOOM 200선물인버스
A253250,KIWOOM 200선물레버리지
A253280,RISE 헬스케어
A253290,RISE 헬스케어채권혼합
A256440,ACE MSCI인도네시아(합성)
A256450,PLUS 심천차이넥스트(합성)
A256750,KODEX 차이나심천ChiNext(합성)
A259960,크래프톤
A261060,TIGER 코스닥150IT
A261070,TIGER 코스닥150바이오테크
A261110,TIGER 미국달러선물레버리지
A261120,TIGER 미국달러선물인버스2X
A261140,TIGER 우선주
A261220,KODEX WTI원유선물(H)
A261240,KODEX 미국달러선물
A261250,KODEX 미국달러선물레버리지
A261260,KODEX 미국달러선물인버스2X
A261270,KODEX 미국달러선물인버스
A261920,ACE MSCI필리핀(합성)
A264900,크라운제과
A26490K,크라운제과우
A265690,ACE 러시아MSCI(합성)
A266160,RISE 고배당
A266360,KODEX K콘텐츠
A266370,KODEX IT
A266390,KODEX 경기소비재
A266410,KODEX 필수소비재
A266420,KODEX 헬스케어
A266550,PLUS 중형주저변동50
A267250,HD현대
A267260,HD현대일렉트릭
A267270,HD건설기계
A267290,경동도시가스
A267440,RISE 미국장기국채선물(H)
A267450,RISE 미국장기국채선물인버스(H)
A267490,RISE 미국장기국채선물레버리지(합성 H)
A267770,TIGER 200선물레버리지
A267850,아시아나IDT
A268280,미원에스씨
A269370,TIGER S&P글로벌인프라(합성)
A269420,KODEX S&P글로벌인프라(합성)
A269530,PLUS S&P글로벌인프라
A269540,PLUS 미국S&P500(H)
A270800,RISE KQ고배당
A270810,RISE 코스닥150
A271050,KODEX WTI원유선물인버스(H)
A271060,KODEX 3대농산물선물(H)
A271560,오리온
A271940,일진하이솔루스
A271980,제일약품
A272210,한화시스템
A272450,진에어
A272550,삼양패키징
A272560,RISE 단기국공채액티브
A272570,RISE 중장기국공채액티브
A272580,TIGER 단기채권액티브
A272910,ACE 중장기국공채액티브
A273130,KODEX 종합채권(AA-이상)액티브
A273140,KODEX 단기변동금리부채권액티브
A275280,KODEX 모멘텀주
A275290,KODEX 가치주
A275300,KODEX 우량주
A275750,RISE 코스닥150선물인버스
A275980,TIGER 글로벌4차산업혁신기술(합성 H)
A276000,TIGER 글로벌자원생산기업(합성 H)
A276650,RISE 글로벌테크놀로지(합성 H)
A276970,KODEX 미국S&P500배당귀족커버드콜(합성 H)
A276990,KODEX 글로벌로봇(합성)
A277540,ACE 아시아TOP50
A277630,TIGER 코스피
A277640,TIGER 코스피대형주
A277650,TIGER 코스피중형주
A278240,RISE 코스닥150선물레버리지
A278470,에이피알
A278530,KODEX 200TR
A278540,KODEX MSCI Korea TR
A278620,PLUS 단기채권액티브
A279530,KODEX 고배당주
A279540,KODEX 최소변동성
A279570,케이뱅크
A280320,ACE 미국IT인터넷(합성 H)
A280360,롯데웰푸드
A280920,PLUS 주도업종
A280930,KODEX 미국러셀2000(H)
A280940,KODEX 골드선물인버스(H)
A281820,케이씨텍
A281990,RISE 중소형고배당
A282000,RISE 국고채3년선물인버스
A282330,BGF리테일
A283580,KODEX 차이나CSI300
A284430,KODEX 200미국채혼합
A284740,쿠쿠홈시스
A284980,RISE 200금융
A285130,SK케미칼
A28513K,SK케미칼우
A285690,FOCUS ESG리더스
A286940,롯데이노베이트
A287180,PLUS 미국나스닥테크
A289040,KODEX MSCI KOREA ESG유니버설
A289250,TIGER MSCI KOREA ESG유니버설
A289260,TIGER MSCI KOREA ESG리더스
A289480,TIGER 200커버드콜
A289670,PLUS 국채선물10년
A290080,RISE 200고배당커버드콜ATM
A290130,RISE ESG사회책임투자
A291130,ACE MSCI멕시코(합성)
A291620,KIWOOM 코스닥150선물인버스
A291630,KIWOOM 코스닥150선물레버리지
A291680,RISE 차이나H선물인버스(H)
A291890,KODEX MSCI EM선물(H)
A292050,RISE KRX300
A292150,TIGER 코리아TOP10
A292160,TIGER KRX300
A292190,KODEX KRX300
A292500,SOL KRX300
A292560,TIGER 일본엔선물
A292770,KODEX 국채선물3년인버스
A293180,HANARO 200
A293480,하나제약
A293940,신한알파리츠
A294400,KIWOOM 200TR
A294870,IPARK현대산업개발
A295000,RISE 국채선물10년
A295020,RISE 국채선물10년인버스
A295040,SOL 200TR
A298000,효성화학
A298020,효성티앤씨
A298040,효성중공업
A298050,HS효성첨단소재
A298340,PLUS 국채선물3년
A298690,에어부산
A298770,KODEX 한국대만IT프리미어
A300610,TIGER K게임
A300640,RISE 게임테마
A300720,한일시멘트
A300950,KODEX 게임산업
A301400,PLUS 코스닥150
A301410,PLUS 코스닥150선물인버스
A302190,TIGER 중장기국채
A302440,SK바이오사이언스
A302450,RISE 코스피
A304660,KODEX 미국30년국채울트라선물(H)
A304670,KODEX 미국30년국채울트라선물인버스(H)
A304760,HANARO KRX300
A304770,HANARO 코스닥150
A304780,HANARO 200선물레버리지
A304940,KODEX 미국나스닥100선물(H)
A305050,ACE 코스피
A305080,TIGER 미국채10년선물
A305540,TIGER 2차전지테마
A305720,KODEX 2차전지산업
A306200,세아제강
A306520,HANARO 200선물인버스
A306530,HANARO 코스닥150선물레버리지
A306950,KODEX KRX300레버리지
A307510,TIGER 의료기기
A307520,TIGER 지주회사
A307950,현대오토에버
A308170,씨티알모빌리티
A308620,KODEX 미국10년국채선물
A309230,ACE 미국WideMoat동일가중
A310080,RISE 중국MSCI China(H)
A310960,TIGER 200TR
A310970,TIGER MSCI Korea TR
A314250,KODEX 미국빅테크10(H)
A314700,HANARO 농업융복합산업
A315270,TIGER 200커뮤니케이션서비스
A315930,KODEX Top5PlusTR
A315960,RISE 대형고배당10TR
A316140,우리금융지주
A316300,ACE 싱가포르리츠
A316670,KIWOOM 코스닥150
A317400,자이에스앤디
A317450,명인제약
A319640,TIGER 골드선물(H)
A321410,KODEX 멀티에셋하이인컴(H)
A322000,HD현대에너지솔루션
A322400,HANARO e커머스
A322410,HANARO K고배당
A323410,카카오뱅크
A325010,KODEX 성장주
A325020,KODEX 배당가치
A326030,SK바이오팜
A326230,RISE 내수주플러스
A326240,RISE IT플러스
A328370,PLUS 코스피TR
A329180,HD현대중공업
A329200,TIGER 리츠부동산인프라
A329650,KODEX TRF3070
A329660,KODEX TRF5050
A329670,KODEX TRF7030
A329750,TIGER 미국달러단기채권액티브
A330590,롯데리츠
A332500,ACE 200TR
A332610,PLUS 미국단기회사채(AAA~A)
A332620,PLUS 미국장기우량회사채
A332930,HANARO 200TR
A332940,HANARO MSCI Korea TR
A334690,RISE 팔라듐선물(H)
A334700,RISE 팔라듐선물인버스(H)
A334890,이지스밸류플러스리츠
A336160,RISE 금융채액티브
A336260,두산퓨얼셀
A33626K,두산퓨얼셀1우
A33626L,두산퓨얼셀2우B
A336370,솔루스첨단소재
A33637K,솔루스첨단소재1우
A33637L,솔루스첨단소재2우B
A337120,KODEX 멀티팩터
A337140,KODEX 코스피대형주
A337150,KODEX 200exTOP
A337160,KODEX 200ESG
A338100,NH프라임리츠
A339770,교촌에프앤비
A341850,TIGER 리츠부동산인프라채권
A344820,KCC글라스
A348950,제이알글로벌리츠
A350520,이지스레지던스리츠
A352540,KODEX 일본부동산리츠(H)
A352560,KODEX 미국부동산리츠(H)
A352820,하이브
A353200,대덕전자
A35320K,대덕전자1우
A354240,RISE 미국고정배당우선증권
A354350,HANARO 글로벌럭셔리S&P(합성)
A354500,ACE 코스닥150
A356540,ACE 종합채권(AA-이상)액티브
A357120,코람코라이프인프라리츠
A357250,미래에셋맵스리츠
A357430,마스턴프리미어리츠
A357870,TIGER CD금리투자KIS(합성)
A359210,KODEX 코스피TR
A360140,KODEX 200롱코스닥150숏선물
A360150,KODEX 코스닥150롱코스피200숏선물
A360200,ACE 미국S&P500
A360750,TIGER 미국S&P500
A361580,RISE 200TR
A361610,SK아이이테크놀로지
A363280,티와이홀딩스
A36328K,티와이홀딩스우
A363510,SOL KIS단기통안채
A363570,KODEX 장기종합채권(AA-이상)액티브
A363580,KODEX 200IT TR
A364690,KODEX 혁신기술테마액티브
A364960,TIGER BBIG
A364970,TIGER 바이오TOP10
A364980,TIGER 2차전지TOP10
A364990,TIGER 게임TOP10
A365000,TIGER 인터넷TOP10
A365040,TIGER AI코리아그로스액티브
A365550,ESR켄달스퀘어리츠
A365780,ACE 국고채10년
A367380,ACE 미국나스닥100
A367740,HANARO Fn5G산업
A367760,RISE 네트워크인프라
A367770,RISE 수소경제테마
A368190,HANARO Fn K-뉴딜디지털플러스
A368590,RISE 미국나스닥100
A368680,KODEX K-뉴딜디지털플러스
A371150,RISE 차이나항셍테크
A371160,TIGER 차이나항셍테크
A371450,TIGER 글로벌클라우드컴퓨팅INDXX
A371460,TIGER 차이나전기차SOLACTIVE
A371470,TIGER 차이나바이오테크SOLACTIVE
A371870,ACE 차이나항셍테크
A372330,KODEX 차이나항셍테크
A372910,한컴라이프케어
A373220,LG에너지솔루션
A373490,KODEX 코리아혁신성장액티브
A373790,KIWOOM 미국방어배당성장나스닥
A375270,RISE 글로벌데이터센터리츠(합성)
A375500,DL이앤씨
A37550K,DL이앤씨우
A37550L,DL이앤씨2우(전환)
A375760,HANARO 탄소효율그린뉴딜
A375770,KODEX 탄소효율그린뉴딜
A376410,TIGER 탄소효율그린뉴딜
A377190,디앤디플랫폼리츠
A377300,카카오페이
A377740,바이오노트
A377990,TIGER Fn신재생에너지
A378850,화승알앤에이
A379780,RISE 미국S&P500
A379790,RISE 유로스탁스50(H)
A379800,KODEX 미국S&P500
A379810,KODEX 미국나스닥100
A380340,ACE 코리아AI테크핵심산업
A381170,TIGER 미국테크TOP10 INDXX
A381180,TIGER 미국필라델피아반도체나스닥
A381560,HANARO Fn전기&수소차
A381570,HANARO Fn친환경에너지
A381970,케이카
A383220,F&F
A383800,LX홀딩스
A38380K,LX홀딩스1우
A385510,KODEX 신재생에너지액티브
A385520,KODEX 자율주행액티브
A385540,RISE 종합채권(A-이상)액티브
A385550,RISE 단기채권알파액티브
A385560,RISE KIS국고채30년Enhanced
A385590,ACE ESG액티브
A385600,ACE 2차전지&친환경차액티브
A385710,TIME K이노베이션액티브
A385720,TIME 코스피액티브
A387270,TIGER 글로벌이노베이션액티브
A387280,TIGER 퓨처모빌리티액티브
A388280,RISE K엔터&여행레저
A388420,RISE 비메모리반도체액티브
A390390,KODEX 미국반도체
A390400,KODEX 미국스마트모빌리티S&P
A391600,ACE 미국친환경그린테마
A391670,HK 베스트일레븐액티브
A394660,TIGER 글로벌자율주행&전기차SOLACTIVE
A394670,TIGER 글로벌리튬&2차전지SOLACTIVE(합성)
A395150,KODEX 웹툰&드라마
A395160,KODEX AI반도체
A395170,KODEX Top10동일가중
A395270,HANARO Fn K-반도체
A395280,HANARO Fn K-게임
A395290,HANARO Fn K-POP&미디어
A395400,SK리츠
A395750,PLUS ESG가치주액티브
A395760,PLUS ESG성장주액티브
A396500,TIGER 반도체TOP10
A396510,TIGER 차이나클린에너지SOLACTIVE
A396520,TIGER 차이나반도체FACTSET
A396690,미래에셋글로벌리츠
A397420,RISE 국채선물5년추종
A399110,SOL 미국S&P500ESG
A399580,RISE 글로벌클린에너지
A400570,KODEX 유럽탄소배출권선물ICE(H)
A400580,SOL 유럽탄소배출권선물S&P(H)
A400590,SOL 글로벌탄소배출권선물ICE(합성)
A400760,NH올원리츠
A400970,TIGER Fn메타버스
A401170,RISE 메타버스
A401470,KODEX 메타버스액티브
A401590,HANARO 글로벌탄소배출권선물ICE(합성)
A402340,SK스퀘어
A402460,HANARO Fn K-메타버스MZ
A402970,ACE 미국배당다우존스
A403550,쏘카
A403790,마이다스 코스피액티브
A404120,TIME K신재생에너지액티브
A404260,KODEX 기후변화솔루션
A404540,TIGER KRX기후변화솔루션
A404650,SOL KRX기후변화솔루션
A404990,신한서부티엔디리츠
A407300,HANARO Fn골프테마
A407310,HANARO 200 TOP10
A407820,에셋플러스 코리아플랫폼액티브
A407830,에셋플러스 글로벌플랫폼액티브
A409810,KODEX 미국나스닥100선물인버스(H)
A409820,KODEX 미국나스닥100레버리지(합성 H)
A410870,TIME K컬처액티브
A411060,ACE KRX금현물
A411420,KODEX 미국나스닥AI테크액티브
A411540,SOL 200 Top10
A411860,KIWOOM 독일DAX
A412560,TIGER BBIG레버리지
A412570,TIGER 2차전지TOP10레버리지
A412770,TIGER 글로벌AI플랫폼액티브
A413220,SOL 차이나태양광CSI(합성)
A413930,WON AI ESG액티브
A414270,ACE 글로벌자율주행액티브
A414780,TIGER 차이나과창판STAR50(합성)
A415340,KODEX 차이나과창판STAR50(합성)
A415640,KB발해인프라
A415760,SOL 차이나육성산업액티브(합성)
A415920,PLUS 글로벌희토류&전략자원생산기업
A416090,ACE 중국과창판STAR50
A417310,코람코더원리츠
A417450,RISE 글로벌수소경제
A417630,TIGER KEDI혁신기업ESG30
A418660,TIGER 미국나스닥100레버리지(합성)
A418670,TIGER 글로벌AI사이버보안
A419420,KODEX 미국클린에너지나스닥
A419430,KODEX 차이나2차전지MSCI(합성)
A419650,PLUS 글로벌수소&차세대연료전지
A419890,KIWOOM 단기채권ESG액티브
A421320,PLUS 우주항공&UAM
A422260,VITA MZ소비액티브
A422420,RISE 2차전지액티브
A423160,KODEX KOFR금리액티브(합성)
A423170,SOL 글로벌AI반도체탑픽액티브
A423920,TIGER 미국필라델피아반도체레버리지(합성)
A424460,HANARO 글로벌워터MSCI(합성)
A426020,TIME 미국S&P500액티브
A426030,TIME 미국나스닥100액티브
A426150,WON 대한민국국고채액티브
A427120,RISE AI플랫폼
A428510,KODEX 차이나AI테크액티브
A428560,KODEX 미국ETF산업Top10 Indxx
A429000,TIGER 미국S&P500배당귀족
A429010,TIGER 미국나스닥넥스트100
A429740,PLUS K리츠
A429760,PLUS 미국S&P500
A429980,SOL 한국형글로벌전기차&2차전지액티브
A430500,KIWOOM 물가채KIS
A432320,KB스타리츠
A432600,RISE 국채선물3년
A432840,HANARO 미국S&P500
A433220,에셋플러스 글로벌대장장이액티브
A433250,UNICORN R&D 액티브
A433330,SOL 미국S&P500
A433500,ACE 원자력TOP10
A433880,PLUS TDF2060액티브 적격
A433970,KODEX TDF2030액티브 적격
A433980,KODEX TDF2040액티브 적격
A434060,KODEX TDF2050액티브 적격
A434730,HANARO 원자력iSelect
A434960,DAISHIN343 K200
A435040,ACE 글로벌브랜드TOP10
A435420,TIGER 미국나스닥100채권혼합Fn
A435530,KIWOOM TDF2030액티브 적격
A435540,KIWOOM TDF2040액티브 적격
A435550,KIWOOM TDF2050액티브 적격
A436140,SOL 종합채권(AA-이상)액티브
A437070,KODEX 아시아달러채권ESG플러스액티브
A437080,KODEX 미국종합채권ESG액티브(H)
A437350,RISE 미국단기투자등급회사채액티브
A437370,RISE 글로벌농업경제
A438080,ACE 미국S&P500미국채혼합50액티브
A438100,ACE 미국나스닥100미국채혼합50액티브
A438320,TIGER 차이나항셍테크레버리지(합성 H)
A438330,TIGER 우량회사채액티브
A438560,SOL 국고채3년
A438570,SOL 국고채10년
A438740,마이다스 중소형액티브
A438900,HANARO Fn K-푸드
A439260,대한조선
A439860,KODEX ESG종합채권(A-이상)액티브
A439870,KODEX 국고채30년액티브
A440340,TIGER 글로벌멀티에셋TIF액티브
A440640,ACE 단기채권알파액티브
A440650,ACE 미국달러단기채권액티브
A440910,WON 미국우주항공방산
A441540,HANARO Fn조선해운
A441640,KODEX 미국배당커버드콜액티브
A441680,TIGER 미국나스닥100커버드콜(합성)
A441800,TIME Korea플러스배당액티브
A442090,에셋플러스 코리아대장장이액티브
A442260,마이티 다이나믹퀀트액티브
A442320,RISE 글로벌원자력
A442550,RISE TDF2030액티브 적격
A442560,RISE TDF2040액티브 적격
A442570,RISE TDF2050액티브 적격
A442580,PLUS 글로벌HBM반도체
A443060,HD현대마린솔루션
A444200,SOL 코리아메가테크액티브
A444490,WON 미국S&P500
A445150,KODEX 친환경조선해운액티브
A445290,KODEX 로봇액티브
A445690,BNK 주주가치액티브
A445910,TIGER MKF배당귀족
A446070,유니드비티플러스
A446690,KODEX 아시아AI반도체exChina액티브
A446700,RISE 배터리 리사이클링
A446720,SOL 미국배당다우존스
A446770,ACE 글로벌반도체TOP4 Plus
A447430,ACE 주주환원가치주액티브
A447620,SOL 미국TOP5채권혼합50
A447660,PLUS 애플채권혼합
A447770,TIGER 테슬라채권혼합Fn
A448100,WON 200
A448290,TIGER 미국S&P500(H)
A448300,TIGER 미국나스닥100(H)
A448330,KODEX 삼성전자채권혼합
A448490,HANARO 32-10 국고채액티브
A448540,ACE 엔비디아채권혼합
A448570,FOCUS AI코리아액티브
A448630,RISE 삼성그룹Top3채권혼합
A448730,삼성FN리츠
A449170,TIGER KOFR금리액티브(합성)
A449180,KODEX 미국S&P500(H)
A449190,KODEX 미국나스닥100(H)
A449450,PLUS K방산
A449580,RISE 테슬라애플아마존채권혼합
A449680,TIGER 한중전기차(합성)
A449690,TIGER 한중반도체(합성)
A449770,KIWOOM 미국S&P500
A449780,KIWOOM 미국S&P500(H)
A450080,에코프로머티
A450180,KODEX 한중전기차(합성)
A450190,KODEX 한중반도체(합성)
A450910,SOL 코스닥150
A451000,PLUS 종합채권(AA-이상)액티브
A451060,1Q 200액티브
A451150,에셋플러스 글로벌영에이지액티브
A451530,TIGER 국고채30년스트립액티브
A451540,TIGER 종합채권(AA-이상)액티브
A451600,PLUS 국고채30년액티브
A451670,RISE 국채30년레버리지(합성)
A451800,한화리츠
A452250,ACE 미국30년국채선물레버리지(합성 H)
A452260,한화갤러리아
A45226K,한화갤러리아우
A452360,SOL 미국배당다우존스(H)
A452440,VITA 밸류알파액티브
A453010,PLUS KOFR금리
A453060,HANARO KOFR금리액티브(합성)
A453080,KIWOOM 미국나스닥100(H)
A453330,RISE 미국S&P500(H)
A453340,현대그린푸드
A453630,KODEX 미국S&P500필수소비재
A453640,KODEX 미국S&P500헬스케어
A453650,KODEX 미국S&P500금융
A453660,KODEX 미국S&P500경기소비재
A453810,KODEX 인도Nifty50
A453820,KODEX 인도Nifty50레버리지(합성)
A453850,ACE 미국30년국채액티브(H)
A453870,TIGER 인도니프티50
A453950,TIGER TSMC파운드리밸류체인
A454180,KIWOOM 차이나내수소비TOP CSI
A454320,HANARO CAPEX설비투자iSelect
A454780,KIWOOM 종합채권(AA-이상)액티브
A454910,두산로보틱스
A455030,KODEX 미국달러SOFR금리액티브(합성)
A455660,ACE 미국하이일드액티브(H)
A455850,SOL AI반도체소부장
A455860,SOL 2차전지소부장Fn
A455890,RISE 머니마켓액티브
A455960,RISE 미국달러SOFR금리액티브(합성)
A456040,OCI
A456200,PLUS 미국달러SOFR금리액티브(합성)
A456250,KODEX 유럽명품TOP10 STOXX
A456600,TIME 글로벌AI인공지능액티브
A456610,TIGER 미국달러SOFR금리액티브(합성)
A456680,TIGER 차이나전기차레버리지(합성)
A456880,ACE 미국달러SOFR금리(합성)
A457190,이수스페셜티케미컬
A457480,ACE 테슬라밸류체인액티브
A457690,KODEX 33-06 국고채액티브
A457700,KODEX 53-09 국고채액티브
A457930,BNK 미래전략기술액티브
A457990,PLUS 태양광&ESS
A458030,WON 국공채머니마켓액티브
A458210,KIWOOM CD금리액티브(합성)
A458250,TIGER 미국30년국채스트립액티브(합성 H)
A458260,TIGER 미국투자등급회사채액티브(H)
A458730,TIGER 미국배당다우존스
A458750,TIGER 미국배당다우존스타겟커버드콜1호
A458760,TIGER 미국배당다우존스타겟커버드콜2호
A459560,KODEX 테슬라밸류체인FactSet
A459580,KODEX CD금리액티브(합성)
A459750,RISE 글로벌주식분산액티브
A459790,KIWOOM 미국성장기업30액티브
A460270,KIWOOM 미국달러SOFR금리액티브(합성)
A460660,RISE 미국S&P배당킹
A460850,동국씨엠
A460860,동국제강
A460960,ACE 글로벌인컴TOP10
A461270,ACE 26-06 회사채(AA-이상)액티브
A461340,HANARO 글로벌생성형AI액티브
A461450,KODEX 코스닥글로벌
A461460,PLUS 국고채10년액티브
A461490,RISE 글로벌자산배분액티브
A461500,HANARO 종합채권(AA-이상)액티브
A461580,TIGER 코스닥글로벌
A461600,SOL 미국30년국채액티브(H)
A461900,PLUS 미국테크TOP10
A461910,PLUS 미국테크TOP10레버리지(합성)
A461950,KODEX 2차전지핵심소재10
A462010,TIGER 2차전지소재Fn
A462330,KODEX 2차전지산업레버리지
A462340,에셋플러스 글로벌다이나믹시니어액티브
A462520,조선내화
A462870,시프트업
A462900,KoAct 바이오헬스케어액티브
A463050,TIME K바이오액티브
A463250,TIGER K방산&우주
A463290,1Q 단기금융채액티브
A463300,RISE 중국본토CSI300
A463640,KODEX 미국S&P500유틸리티
A463680,KODEX 미국S&P500테크놀로지
A463690,KODEX 미국S&P500커뮤니케이션
A464240,KIWOOM 26-09회사채(AA-이상)액티브
A464310,TIGER 글로벌AI&로보틱스 INDXX
A464470,PLUS 미국채30년액티브
A464600,SOL 자동차소부장Fn
A464610,SOL 의료기기소부장Fn
A464920,PLUS 일본반도체소부장
A464930,TIGER 글로벌혁신블루칩TOP10
A465330,RISE 2차전지TOP10
A465350,RISE 2차전지TOP10인버스(합성)
A465580,ACE 미국빅테크TOP7 Plus
A465610,ACE 미국빅테크TOP7 Plus레버리지(합성)
A465620,ACE 미국빅테크TOP7 Plus인버스(합성)
A465660,TIGER 일본반도체FACTSET
A465670,TIGER 미국캐시카우100
A465770,STX그린로지스
A465780,마이티 26-09 특수채(AAA)액티브
A466810,BNK 2차전지양극재
A466920,SOL 조선TOP3플러스
A466930,SOL 자동차TOP3플러스
A466940,TIGER 은행고배당플러스TOP10
A466950,TIGER 글로벌AI액티브
A468370,KODEX iShares미국인플레이션국채액티브
A468380,KODEX iShares미국하이일드액티브
A468630,KODEX iShares미국투자등급회사채액티브
A469050,RISE 미국반도체NYSE(H)
A469060,RISE 미국반도체NYSE
A469070,RISE AI&로봇
A469150,ACE AI반도체TOP3+
A469160,ACE 일본반도체
A469170,ACE 포스코그룹포커스
A469530,RISE 미국달러선물인버스
A469790,KIWOOM K-테크TOP10
A469830,SOL 초단기채권액티브
A470310,UNICORN 생성형AI강소기업액티브
A471040,KoAct 글로벌AI&로봇액티브
A471230,KODEX 국고채10년액티브
A471460,KIWOOM 국고채30년액티브
A471760,TIGER AI반도체핵심공정
A471780,TIGER 코리아테크액티브
A471990,KODEX AI반도체핵심장비
A472150,TIGER 배당커버드콜액티브
A472160,TIGER 미국테크TOP10 INDXX(H)
A472170,TIGER 미국테크TOP10채권혼합
A472720,TRUSTON 주주가치액티브
A472830,RISE 미국30년국채커버드콜(합성)
A472840,ITF 200
A472870,RISE 미국30년국채엔화노출(합성 H)
A472920,HK 종합채권(AA-이상)액티브
A473290,KODEX 26-12 회사채(AA-이상)액티브
A473330,SOL 미국30년국채커버드콜(합성)
A473440,ACE 11월만기자동연장회사채AA-이상액티브
A473460,KODEX 미국서학개미
A473490,KIWOOM 글로벌AI반도체
A473590,ACE 미국주식베스트셀러
A473640,HANARO 글로벌금채굴기업
A474220,TIGER 미국테크TOP10타겟커버드콜
A474390,SOL 국고채30년액티브
A474590,WON 반도체밸류체인액티브
A474800,KIWOOM 미국원유에너지기업
A474920,에셋플러스 차이나일등기업포커스10액티브
A475050,ACE KPOP포커스
A475070,KoAct 글로벌친환경전력인프라액티브
A475080,KODEX 테슬라커버드콜채권혼합액티브
A475150,SK이터닉스
A475260,ACE 2월만기자동연장회사채AA-이상액티브
A475270,ACE 5월만기자동연장회사채AA-이상액티브
A475280,ACE 8월만기자동연장회사채AA-이상액티브
A475300,SOL 반도체전공정
A475310,SOL 반도체후공정
A475350,RISE 버크셔포트폴리오TOP10
A475380,RISE 글로벌리얼티인컴
A475560,더본코리아
A475630,TIGER CD1년금리액티브(합성)
A475720,RISE 200위클리커버드콜
A476000,UNICORN 포스트IPO액티브
A476030,SOL 미국나스닥100
A476070,KODEX 글로벌비만치료제TOP2 Plus
A476260,HANARO 반도체핵심공정주도주
A476310,RISE 글로벌비만산업TOP2+
A476450,KIWOOM 머니마켓액티브
A476550,TIGER 미국30년국채커버드콜액티브(H)
A476690,TIGER 글로벌비만치료제TOP2Plus
A476750,ACE 미국30년국채엔화노출액티브(H)
A476760,ACE 미국30년국채액티브
A476800,KODEX 한국부동산리츠인프라
A476850,KoAct 배당성장액티브
A477050,PLUS 머니마켓액티브
A477080,RISE CD금리액티브(합성)
A477490,에셋플러스 글로벌일등기업포커스10액티브
A477730,KODEX 인도타타그룹
A478150,TIME 글로벌우주테크&방산액티브
A479080,1Q 머니마켓액티브
A479520,RISE KOFR금리액티브(합성)
A479620,SOL 미국AI반도체칩메이커
A479730,TIGER 인도빌리언컨슈머
A479850,HANARO K-뷰티
A480020,ACE 미국빅테크7+데일리타겟커버드콜(합성)
A480030,ACE 미국500데일리타겟커버드콜(합성)
A480040,ACE 미국반도체데일리타겟커버드콜(합성)
A480260,TIGER 27-04회사채(A+이상)액티브
A480310,TIGER 글로벌온디바이스AI
A480370,씨케이솔루션
A480460,WON 한국부동산TOP3플러스
A481050,KODEX CD1년금리플러스액티브(합성)
A481060,KODEX 미국30년국채타겟커버드콜(합성 H)
A481180,SOL 미국AI소프트웨어
A481190,SOL 미국테크TOP10
A481340,RISE 미국30년국채액티브
A481430,RISE 국고채10년액티브
A481850,신한글로벌액티브리츠
A482030,KoAct 반도체&2차전지핵심소재액티브
A482730,TIGER 미국S&P500타겟데일리커버드콜
A483020,KIWOOM 의료AI
A483030,KIWOOM 미국블록버스터바이오테크의약품+
A483240,TIGER 미국나스닥100ETF선물
A483280,KODEX 미국AI테크TOP10타겟커버드콜
A483290,KODEX 미국배당다우존스타겟커버드콜
A483320,ACE 엔비디아밸류체인액티브
A483330,ACE 마이크로소프트밸류체인액티브
A483340,ACE 구글밸류체인액티브
A483420,ACE 애플밸류체인액티브
A483570,KCGI 미국S&P500 TOP10
A483650,달바글로벌
A484790,KODEX 미국30년국채액티브(H)
A484870,엠앤씨솔루션
A484880,SOL 금융지주플러스고배당
A484890,SOL 머니마켓액티브
A485540,KODEX 미국AI테크TOP10
A485690,RISE 미국AI밸류체인TOP3Plus
A485810,TIME 글로벌바이오액티브
A486240,DAISHIN343 AI반도체&인프라액티브
A486290,TIGER 미국나스닥100타겟데일리커버드콜
A486450,SOL 미국AI전력인프라
A486830,HANARO 머니마켓액티브
A487130,KoAct AI인프라액티브
A487230,KODEX 미국AI전력핵심인프라
A487240,KODEX AI전력핵심설비
A487340,ACE 머니마켓액티브
A487570,HS효성
A487750,BNK 온디바이스AI
A487910,ACE 인도컨슈머파워액티브
A487920,ACE 인도시장대표BIG5그룹액티브
A487950,KODEX 대만테크고배당다우존스
A488080,TIGER 반도체TOP10레버리지
A488200,KIWOOM K-2차전지북미공급망
A488210,KIWOOM K-반도체북미공급망
A488290,마이다스 일본테크액티브
A488480,RISE 일본섹터TOP4Plus
A488500,TIGER 미국S&P500동일가중
A488720,WON 종합채권(AA-이상)액티브
A488770,KODEX 머니마켓액티브
A488980,SOL 26-12 회사채(AA-이상)액티브
A489000,PLUS 일본엔화초단기국채(합성)
A489010,PLUS 글로벌AI인프라
A489030,PLUS 고배당주위클리커버드콜
A489250,KODEX 미국배당다우존스
A489290,WON 미국빌리어네어
A489790,한화비전
A489860,KIWOOM 글로벌전력GRID인프라
A490090,TIGER 미국AI빅테크10
A490330,KoAct 미국치매&뇌질환치료제액티브
A490480,SOL K방산
A490490,SOL 미국배당미국채혼합50
A490590,RISE 미국AI밸류체인데일리고정커버드콜
A490600,RISE 미국배당100데일리고정커버드콜
A491010,TIGER 글로벌AI전력인프라액티브
A491090,KODEX 미국테크TOP3플러스
A491220,PLUS 200TR
A491230,PLUS 국공채머니마켓액티브
A491510,파워 K-주주가치액티브
A491610,1Q CD금리액티브(합성)
A491620,RISE 미국테크100데일리고정커버드콜
A491630,RISE 미국반도체인버스(합성 H)
A491700,HK 200
A491820,HANARO 전력설비투자
A491830,TIGER 미국AI반도체팹리스
A492500,1Q 현대차그룹채권(A+이상)&국고통안
A493420,SOL 미국배당다우존스2호
A493810,TIGER 미국AI빅테크10타겟데일리커버드콜
A494180,TIME 글로벌소비트렌드액티브
A494210,SOL 미국500타겟데일리커버드콜액티브
A494220,UNICORN SK하이닉스밸류체인액티브
A494300,KODEX 미국나스닥100데일리커버드콜OTM
A494310,KODEX 반도체레버리지
A494330,ACE 라이프자산주주가치액티브
A494340,ACE 글로벌AI맞춤형반도체
A494410,PLUS 미국S&P500성장주
A494420,PLUS 미국배당증가성장주데일리커버드콜
A494670,TIGER 조선TOP10
A494840,TIGER 미국방산TOP10
A494890,KODEX 200액티브
A495040,PLUS 코리아밸류업
A495050,RISE 코리아밸류업
A495060,TIME 코리아밸류업액티브
A495230,KoAct 코리아밸류업액티브
A495330,1Q 코리아밸류업
A495550,SOL 코리아밸류업TR
A495710,BNK 26-06 특수채(AAA이상)액티브
A495750,HANARO 코리아밸류업
A495850,KODEX 코리아밸류업
A495940,RISE 미국AI테크액티브
A496020,WON 전단채플러스액티브
A496080,TIGER 코리아밸류업
A496090,KIWOOM 코리아밸류업
A496120,ACE 코리아밸류업
A496130,TRUSTON 코리아밸류업액티브
A496770,PLUS 글로벌방산
A497510,ACE 글로벌빅파마
A497520,ACE 일라이릴리밸류체인
A497570,TIGER 미국필라델피아AI반도체나스닥
A497780,KoAct 미국천연가스인프라액티브
A497880,SOL CD금리&머니마켓액티브
A498050,HANARO 바이오코리아액티브
A498180,파워 종합채권(AA-이상)액티브
A498270,KIWOOM 미국양자컴퓨팅
A498400,KODEX 200타겟위클리커버드콜
A498410,KODEX 금융고배당TOP10타겟위클리커버드콜
A498610,RISE 인도디지털성장
A498860,RISE 코리아금융고배당
A499150,SOL 미국S&P500엔화노출(H)
A499660,TIGER CD금리플러스액티브(합성)
A499790,GS피앤엘
A900140,엘브이엠씨홀딩스
A950210,프레스티지바이오파마
Q500020,신한 레버리지 다우존스지수 선물 ETN(H)
Q500023,신한 콩 선물 ETN(H)
Q500024,신한 인버스 콩 선물 ETN(H)
Q500028,신한 인버스 2X 다우존스지수 선물 ETN(H)
Q500029,신한 레버리지 은 선물 ETN(H)
Q500030,신한 인버스 2X 은 선물 ETN(H)
Q500035,신한 레버리지 미국달러 선물 ETN
Q500036,신한 인버스 2X 미국달러 선물 ETN
Q500037,신한 레버리지 금 선물 ETN
Q500038,신한 인버스 2X 금 선물 ETN
Q500040,신한 레버리지 구리 선물 ETN
Q500041,신한 인버스 2X 구리 선물 ETN
Q500050,신한 레버리지 S&P500 선물 ETN
Q500051,신한 인버스 2X S&P500 선물 ETN
Q500061,신한 인버스 코스피 200 선물 ETN
Q500063,신한 인버스 코스닥 150 선물 ETN
Q500067,신한 레버리지 10년 국채선물 ETN
Q500068,신한 인버스 2X 10년 국채선물 ETN
Q500069,신한 레버리지 코스피 200 선물 ETN
Q500070,신한 인버스 2X 코스피 200 선물 ETN
Q500071,신한 레버리지 코스닥 150 선물 ETN
Q500072,신한 인버스 2X 코스닥 150 선물 ETN
Q500078,신한 S&P 유로 선물 ETN(H)
Q500079,신한 S&P 인버스 유로 선물 ETN(H)
Q500080,신한 S&P 레버리지 유로 선물 ETN(H)
Q500081,신한 S&P 인버스 2X 유로 선물 ETN(H)
Q500082,신한 블룸버그 2X 천연가스 선물 ETN
Q500085,신한 코스피 200 TR ETN
Q500086,신한 코스닥 150 TR ETN
Q500087,신한 26-05 은행채(AAA) ETN
Q500088,신한 2X 26-05 은행채(AAA) ETN
Q500089,신한 26-05 공사채(AAA) ETN
Q500090,신한 2X 26-05 공사채(AAA) ETN
Q500091,신한 33-12 국고채 플러스 ETN
Q500093,신한 블룸버그 레버리지 WTI원유선물 ETN B
Q500094,신한 블룸버그 인버스2X WTI원유선물 ETN B
Q500095,신한 S&P500 VIX S/T 선물 ETN E
Q500096,신한 인버스2X 천연가스 선물 ETN B
Q500097,신한 레버리지 Russell 2000 ETN B
Q500098,신한 인버스 2X Russell 2000 ETN B
Q500099,신한 WTI원유 선물 ETN
Q500100,신한 금 선물 ETN
Q510016,대신 천연가스 선물 ETN(H)
Q510027,대신 인버스 2X 코스닥 150 선물 ETN
Q510043,대신 인버스 천연가스 선물 ETN(H) B
Q520037,미래에셋 코스피200 선물 ETN
Q520038,미래에셋 인버스 코스피200 선물 ETN
Q520039,미래에셋 코스닥150 선물 ETN
Q520040,미래에셋 인버스 코스닥150 선물 ETN
Q520046,미래에셋 레버리지 옥수수 선물 ETN
Q520047,미래에셋 인버스 2X 옥수수 선물 ETN
Q520054,미래에셋 레버리지 코스피200 선물 ETN
Q520055,미래에셋 인버스 2X 코스피200 선물 ETN
Q520056,미래에셋 레버리지 코스닥150 선물 ETN
Q520057,미래에셋 인버스 2X 코스닥150 선물 ETN
Q520064,미래에셋 2X 미국채울트라30년 선물 ETN
Q520065,미래에셋 -2X 미국채울트라30년 선물 ETN
Q520066,미래에셋 KRX금현물 Auto-KO-C 2810-01 ETN
Q520068,미래에셋 2X 홍콩H 선물 ETN
Q520069,미래에셋 -2X 홍콩H 선물 ETN(H)
Q520072,미래에셋 미국 AI TOP3 ETN
Q520073,미래에셋 레버리지 미국 AI TOP3 ETN
Q520074,미래에셋 미국 방위산업 TOP3 ETN
Q520075,미래에셋 레버리지 미국 방위산업 TOP3 ETN
Q520076,미래에셋 1.5X 천연가스 선물 ETN
Q520077,미래에셋 -1.5X 천연가스 선물 ETN
Q520078,미래에셋 미국 제약 TOP3 ETN
Q520079,미래에셋 레버리지 미국 제약 TOP3 ETN
Q520080,미래에셋 미국 테크&반도체 TOP3 ETN
Q520081,미래에셋 2X 미국 테크&반도체 TOP3 ETN
Q520082,미래에셋 미국 자율주행대표기업 ETN
Q520083,미래에셋 2X 미국 자율주행대표기업 ETN
Q520084,미래에셋 -2X 미국 자율주행대표기업 ETN
Q520085,미래에셋 -2X 미국 AI TOP3 ETN
Q520086,미래에셋-0.5X S&P500 VIX S/T선물 ETN(H)B
Q520087,미래에셋 레버리지 KRX 금현물 ETN
Q520088,미래에셋 S&P500 VIX S/T 선물 ETN(H)
Q520089,미래에셋 CAPE 실러 US Core Sector ETN
Q520090,미래에셋 천연가스 선물 ETN B
Q520091,미래에셋 인버스 천연가스 선물 ETN B
Q520092,미래에셋 레버리지 은 선물 ETN B
Q520093,미래에셋 인버스 2X 은 선물 ETN B
Q520094,미래에셋 CD금리 플러스 ETN
Q520097,미래에셋 1.5X S&P500 VIX S/T선물 ETN
Q520098,미래에셋 레버리지 반도체 ETN
Q520099,미래에셋 인버스 2X 반도체 ETN
Q530031,삼성 레버리지 WTI원유 선물 ETN
Q530036,삼성 인버스 2X WTI원유 선물 ETN
Q530055,삼성 레버리지 금 선물 ETN(H)
Q530056,삼성 인버스 2X 금 선물 ETN(H)
Q530060,삼성 코스피 양매도 5% OTM ETN
Q530061,삼성 레버리지 은 선물 ETN(H)
Q530062,삼성 인버스 2X 은 선물 ETN(H)
Q530063,삼성 레버리지 구리 선물 ETN(H)
Q530064,삼성 인버스 2X 구리 선물 ETN(H)
Q530067,삼성 KRX 금현물 ETN
Q530083,삼성 금 선물 ETN(H)
Q530084,삼성 인버스 금 선물 ETN(H)
Q530089,삼성 은 선물 ETN(H)
Q530090,삼성 인버스 은 선물 ETN(H)
Q530092,삼성 인버스 코스피 200 선물 ETN
Q530094,삼성 인버스 코스닥 150 선물 ETN
Q530095,삼성 구리 선물 ETN(H)
Q530096,삼성 인버스 구리 선물 ETN(H)
Q530104,삼성 레버리지 코스피200 선물 ETN
Q530105,삼성 인버스 2X 코스피200 선물 ETN
Q530106,삼성 레버리지 코스닥150 선물 ETN
Q530107,삼성 인버스 2X 코스닥150 선물 ETN
Q530112,삼성 S&P500 TR ETN
Q530113,삼성 레버리지 S&P500 선물 ETN
Q530114,삼성 인버스 2X S&P500 선물 ETN
Q530115,삼성 레버리지 나스닥 100 TR ETN
Q530116,삼성 인버스 2X 나스닥 100 TR ETN
Q530117,삼성 코스피 200 TR ETN
Q530118,삼성 코스닥 150 TR ETN
Q530119,삼성 레버리지 항셍테크 TR ETN(H) B
Q530120,삼성 나스닥 100 TR ETN
Q530121,삼성 항셍테크 TR ETN(H) B
Q530122,삼성 인버스 2X 항셍테크 TR ETN(H) B
Q530123,삼성 일본니케이225선물 ETN(H)
Q530124,삼성 레버리지 일본니케이225선물 ETN(H)
Q530125,삼성 인버스 2X 일본니케이225선물 ETN(H)
Q530126,삼성 코리아 밸류업 TR ETN
Q530127,삼성 미국다우존스 TR ETN
Q530128,삼성 레버리지 미국다우존스 선물 ETN
Q530129,삼성 인버스 2X 미국다우존스 선물 ETN
Q530130,삼성 S&P500 VIX S/T 선물 ETN B
Q530131,삼성 인버스0.5X S&P500 VIX S/T선물 ETN B
Q530132,삼성 블룸버그 WTI원유 선물 ETN B
Q530133,삼성 블룸버그 레버리지 WTI원유선물 ETN B
Q530134,삼성 블룸버그 인버스2X WTI원유선물 ETN B
Q530135,삼성 인버스 China A50 선물 ETN(H) B
Q530136,삼성 인버스 2X 천연가스 선물 ETN D
Q530137,삼성 KRX 2차전지 TOP10 TR ETN
Q530138,삼성 KRX 레버리지 2차전지 TOP10 TR ETN
Q530139,삼성 iSelect 조선 TOP10 TR ETN
Q530140,삼성 iSelect 레버리지 조선 TOP10 TR ETN
Q530141,삼성 중국 자동차 TOP5 TR ETN(H)
Q530142,삼성 중국 AI 테크 TOP5 TR ETN(H)
Q530143,삼성 인버스 2X 은 선물 ETN
Q530145,삼성 레버리지 천연가스 선물 ETN D
Q550041,N2 미국 IT TOP5 ETN(H)
Q550043,N2 인버스 레버리지 WTI원유 선물 ETN(H)
Q550062,N2 레버리지 금 선물 ETN(H)
Q550063,N2 인버스 레버리지 금 선물 ETN(H)
Q550064,N2 레버리지 은 선물 ETN(H)
Q550069,N2 레버리지 구리 선물 ETN(H)
Q550070,N2 인버스 레버리지 구리 선물 ETN(H)
Q550082,N2 KIS CD금리투자 ETN
Q550084,N2 코스피 200 TR ETN
Q550085,N2 코스닥 150 TR ETN
Q550087,N2 선진국 1등주 ETN
Q550088,N2 월간 레버리지 선진국 1등주 ETN
Q550089,N2 월간 레버리지 코스피 200 선물 ETN
Q550091,N2 방위산업 Top5 ETN
Q550092,N2 월간 레버리지 방위산업 Top5 ETN
Q550093,N2 전력인프라 Top5 ETN
Q550095,N2 레버리지 국채10년 ETN
Q550096,N2 레버리지 국채30년 ETN
Q550097,N2 레버리지 코스닥150 선물 ETN
Q550098,N2 인버스 2X 코스닥150 선물 ETN
Q550099,N2 레버리지 천연가스 선물 ETN
Q550100,N2 인버스 2X 천연가스 선물 ETN
Q570019,한투 코스피양매도5%OTM ETN
Q570022,한투 레버리지S&P500선물 ETN(H)
Q570023,한투 인버스2XS&P500선물 ETN(H)
Q570029,한투 코스피양매도3%OTM ETN
Q570047,한투 FTSE100 ETN
Q570050,한투 S&P500선물 ETN
Q570051,한투 나스닥100 ETN
Q570055,한투 금선물 ETN
Q570056,한투 인버스금선물 ETN
Q570057,한투 은선물 ETN
Q570058,한투 인버스은선물 ETN
Q570059,한투 레버리지금선물 ETN
Q570060,한투 인버스2X금선물 ETN
Q570061,한투 레버리지은선물 ETN
Q570063,한투 베트남VN30선물 ETN(H)
Q570064,한투 인버스베트남VN30선물 ETN(H)
Q570065,한투 레버리지베트남VN30선물 ETN(H)
Q570066,한투 인버스2X베트남VN30 선물 ETN(H)
Q570069,한투 레버리지플래티넘선물 ETN
Q570070,한투 인버스2X플래티넘선물 ETN
Q570071,한투 구리선물 ETN
Q570072,한투 레버리지구리선물 ETN
Q570073,한투 인버스2X구리선물 ETN
Q570074,한투 유럽탄소배출권선물 ETN(H)
Q570081,한투 레버리지코스닥150선물 ETN
Q570082,한투 인버스2X코스닥150선물 ETN
Q570085,한투 인도네시아대표원자재 ETN
Q570090,한투 KIS CD금리투자 ETN
Q570091,한투 인버스유로스탁스50 ETN(H) C
Q570092,한투 인버스2X유로스탁스50 ETN(H) B
Q570093,한투 레버리지천연가스선물 ETN B
Q570094,한투 일본엔선물 ETN C
Q570095,한투 레버리지일본엔선물 ETN C
Q570096,한투 인버스2X일본엔선물 ETN
Q570097,한투 엔달러선물 ETN(H)
Q570098,한투 레버리지엔달러선물 ETN(H)
Q570099,한투 인버스2X엔달러 선물 ETN(H)
Q570100,한투 일본종합상사TOP5 ETN
Q570101,한투 인버스나스닥100 ETN B
Q570102,한투 레버리지나스닥100 ETN B
Q570103,한투 인버스2X나스닥100 ETN B
Q570104,한투 일본니케이225선물 ETN(H)
Q570105,한투 인버스일본니케이225선물 ETN(H)
Q570106,한투 레버리지일본니케이225선물 ETN(H)
Q570107,한투 인버스2X일본니케이225선물 ETN(H)
Q570108,한투 레버리지국채30년 ETN
Q570109,한투 레버리지미국채30년 ETN
Q570110,한투 3X레버리지국채30년 ETN
Q570111,한투 3X레버리지미국채30년 ETN
Q570114,한투 S&P500 VIX S/T선물 ETN(H) B
Q570115,한투 인버스0.5X S&P500 VIX S/T선물 ETN B
Q570116,한투 레버리지WTI원유선물 ETN B
Q570117,한투 인버스2XWTI원유선물 ETN B
Q570118,한투 인버스2X천연가스선물 ETN B
Q570119,한투 인버스2X은선물 ETN
Q580010,KB Wise 분할매매 ETN
Q580016,KB 레버리지 S&P 500 선물 ETN(H)
Q580017,KB 인버스 2X S&P 500 선물 ETN
Q580019,KB 인버스 2X 항셍테크 선물 ETN
Q580020,KB 천연가스 선물 ETN(H)
Q580021,KB 인버스 천연가스 선물 ETN
Q580022,KB 레버리지 금 선물 ETN(H)
Q580023,KB 인버스 2X 금 선물 ETN(H)
Q580026,KB S&P 레버리지 은 선물 ETN(H)
Q580032,KB 레버리지 구리 선물 ETN(H)
Q580033,KB 인버스 2X 구리 선물 ETN(H)
Q580034,KB 레버리지 FANG 플러스 ETN(H)
Q580035,KB S&P 유럽탄소배출권 선물 ETN(H)
Q580039,KB 레버리지 KOSPI 200 선물 ETN
Q580040,KB 인버스 2X KOSPI 200 선물 ETN
Q580043,KB 레버리지 KOSDAQ 150 선물 ETN
Q580044,KB 인버스 2X KOSDAQ 150 선물 ETN
Q580047,KB 레버리지 항셍테크 선물 ETN(H) B
Q580048,KB 차이나 대형주 CSI 300 ETN
Q580049,KB 차이나 중형주 CSI 500 ETN
Q580050,KB 차이나 과창판 STAR 50 ETN
Q580051,KB 레버리지 밀 선물 ETN
Q580052,KB 인버스 2X 밀 선물 ETN
Q580053,KB 레버리지 콩 선물 ETN
Q580054,KB 인버스 2X 콩 선물 ETN
Q580055,KB 블룸버그 레버리지 천연가스 선물 ETN
Q580056,KB 일본 로보틱스 TOP 10 ETN
Q580057,KB 일본 컨슈머 TOP 10 ETN
Q580058,KB KIS CD금리투자 ETN
Q580059,KB 미국채 10년 ETN
Q580060,KB 레버리지 미국채 10년 ETN
Q580061,KB 미국채 30년 ETN
Q580062,KB 레버리지 미국채 30년 ETN
Q580063,KB 레버리지 미국채 10년 선물 ETN
Q580064,KB 인버스 2X 미국채 10년 선물 ETN
Q580065,KB 코스닥 150 TR ETN
Q580066,KB 인도 대형 성장주 Select 5 ETN
Q580067,KB 인도 디지털 Select 5 ETN
Q580068,KB S&P 레버리지 WTI원유 선물 ETN B
Q580069,KB S&P 인버스 2X WTI원유 선물 ETN B
Q580070,KB 레버리지 2차전지 TOP 10 TR ETN
Q580071,KB 인버스 2X 천연가스 선물 ETN B
Q580072,KB 화웨이 밸류체인 ETN
Q580073,KB 레버리지 화웨이 밸류체인 ETN
Q580074,KB BYD 밸류체인 ETN
Q580075,KB 레버리지 BYD 밸류체인 ETN
Q580076,KB 레버리지 미국 나스닥 100 TR ETN B
Q580077,KB 인버스 2X 미국 나스닥 100 TR ETN B
Q580078,KB 은 선물 ETN
Q580079,KB 레버리지 은 선물 ETN
Q580080,KB 인버스 은 선물 ETN
Q580081,KB 인버스 2X 은 선물 ETN
Q580082,KB 레버리지 반도체 TOP10 TR ETN
Q580083,KB 레버리지 미국 S&P500 선물 ETN B
Q580084,KB 인버스 2X 미국 S&P500 선물 ETN B
Q610001,메리츠 인플레이션 국채 ETN
Q610003,메리츠 미국 인플레이션 국채 ETN(H)
Q610007,메리츠 국채30년 ETN
Q610008,메리츠 레버리지 국채30년 ETN
Q610009,메리츠 인버스 국채30년 ETN
Q610012,메리츠 레버리지 금 선물 ETN(H)
Q610013,메리츠 인버스 2X 금 선물 ETN(H)
Q610018,메리츠 국채10년 ETN
Q610020,메리츠 인버스 국채10년 ETN
Q610022,메리츠 미국채10년 ETN(H)
Q610023,메리츠 레버리지 미국채10년 ETN(H)
Q610024,메리츠 인버스 미국채10년 ETN(H)
Q610025,메리츠 인버스 2X 미국채10년 ETN(H)
Q610028,메리츠 레버리지 구리 선물 ETN(H)
Q610029,메리츠 인버스 2X 구리 선물 ETN(H)
Q610030,메리츠 S&P 유럽탄소배출권 선물 ETN(H)
Q610034,메리츠 대표 농산물 선물 ETN(H)
Q610035,메리츠 레버리지 대표 농산물 선물 ETN(H)
Q610036,메리츠 인버스 2X 대표 농산물 선물 ETN(H)
Q610037,메리츠 미국채30년 ETN(H)
Q610038,메리츠 레버리지 미국채30년 ETN(H)
Q610039,메리츠 인버스 미국채30년 ETN(H)
Q610040,메리츠 인버스 2X 미국채30년 ETN(H)
Q610045,메리츠 국채3년 ETN
Q610047,메리츠 인버스 국채3년 ETN
Q610049,메리츠 국채5년 ETN
Q610051,메리츠 인버스 국채5년 ETN
Q610055,메리츠 3X 레버리지 국채3년 ETN
Q610056,메리츠 인버스 3X 국채3년 ETN
Q610057,메리츠 3X 레버리지 국채5년 ETN
Q610058,메리츠 인버스 3X 국채5년 ETN
Q610059,메리츠 3X 레버리지 국채10년 ETN
Q610060,메리츠 인버스 3X 국채10년 ETN
Q610061,메리츠 3X 레버리지 국채30년 ETN
Q610062,메리츠 인버스 3X 국채30년 ETN
Q610063,메리츠 KIS CD금리투자 ETN
Q610064,메리츠 KAP 통안채 6개월 ETN
Q610066,메리츠 KAP 통안채 3개월 ETN
Q610067,메리츠 블룸버그 2X 천연가스선물 ETN(H) B
Q610068,메리츠 KAP 일본 엔화 ETN
Q610069,메리츠 KAP 레버리지 일본 엔화 ETN
Q610070,메리츠 KAP 인버스 2X 일본 엔화 ETN
Q610071,메리츠 KAP 중국 위안화 ETN
Q610072,메리츠 KAP 레버리지 중국 위안화 ETN
Q610073,메리츠 KAP 인버스 2X 중국 위안화 ETN
Q610074,메리츠 미국채10년 ETN
Q610075,메리츠 3X 레버리지 미국채10년 ETN
Q610076,메리츠 인버스 3X 미국채10년 ETN
Q610077,메리츠 미국채30년 ETN
Q610078,메리츠 3X 레버리지 미국채30년 ETN
Q610079,메리츠 인버스 3X 미국채30년 ETN
Q610080,메리츠 멕시코 페소화 ETN
Q610081,메리츠 레버리지 멕시코 페소화 ETN
Q610082,메리츠 인도 루피화 ETN
Q610083,메리츠 레버리지 인도 루피화 ETN
Q610084,메리츠 미국채30년 스트립 ETN(H)
Q610085,메리츠 레버리지 미국채30년 스트립 ETN(H)
Q610086,메리츠 인버스2X 미국채30년 스트립 ETN(H)
Q610087,메리츠 WTI원유 선물 ETN(H)
Q610088,메리츠 레버리지 WTI원유 선물 ETN(H)
Q610089,메리츠 인버스 2X WTI원유 선물 ETN(H)
Q610090,메리츠 일본 국채 10년 ETN
Q610091,메리츠 3X 레버리지 일본 국채 10년 ETN
Q610092,메리츠 인버스 일본 국채 10년 ETN
Q610093,메리츠 인버스 3X 일본 국채 10년 ETN
Q610094,메리츠 천연가스 선물 ETN(H)
Q610095,메리츠 레버리지 천연가스 선물 ETN(H)
Q610096,메리츠 인버스 2X 천연가스 선물 ETN(H)
Q610097,메리츠 미국채30년스트립 커버드콜 ETN(H)
Q610098,메리츠 미국채30년 풋라이트 ETN(H)
Q610099,메리츠 은 선물 ETN(H)
Q610100,메리츠 레버리지 은 선물 ETN(H)
Q610101,메리츠 인버스 2X 은 선물 ETN(H)
Q700011,하나 레버리지 옥수수 선물 ETN(H)
Q700012,하나 인버스 2X 옥수수 선물 ETN(H)
Q700013,하나 레버리지 콩 선물 ETN(H)
Q700014,하나 인버스 2X 콩 선물 ETN(H)
Q700017,하나 레버리지 코스닥150 선물 ETN
Q700018,하나 인버스 2X 코스닥150 선물 ETN
Q700022,하나 Solactive US Tech Top 10 ETN(H)
Q700023,하나 Solactive 2X US Tech Top 10 ETN(H)
Q700025,하나 블룸버그 2X 천연가스 선물 ETN(H) B
Q700026,하나 CD금리투자 ETN
Q700027,하나 반도체 ETN
Q700028,하나 레버리지 반도체 ETN
Q700029,하나 S&P 레버리지 WTI원유 선물 ETN B
Q700030,하나 S&P 인버스 2X WTI원유 선물 ETN B
Q700031,하나 레버리지 천연가스 선물 ETN(H)
Q700032,하나 인버스 2X 천연가스 선물 ETN(H)
Q700033,하나 K방산TOP10 ETN
Q700034,하나 레버리지 K방산TOP10 ETN
Q700035,하나 인버스 2X K방산TOP10 ETN
Q700036,하나 인버스 2X 반도체 ETN
Q760004,키움 인버스 미국달러선물 ETN
Q760005,키움 INDXX 미국테크탑10 ETN
Q760006,키움 KPOP ETN
Q760007,키움 코스피 200 TR ETN
Q760008,키움 코스닥 150 TR ETN
Q760009,키움 CD금리투자 ETN
Q760010,키움 2차전지산업 ETN
Q760011,키움 레버리지 2차전지산업 ETN
Q760012,키움 반도체TOP10 ETN
Q760013,키움 레버리지 반도체TOP10 ETN
Q760014,키움 바이오TOP10 ETN
Q760015,키움 레버리지 바이오TOP10 ETN
Q760016,키움 레버리지 조선TOP10 ETN
Q760017,키움 조선TOP10 ETN
Q760018,키움 미국달러선물 ETN B
Q760019,키움 리츠부동산인프라 ETN
Q760020,키움 레버리지 리츠부동산인프라 ETN
Q760021,키움 코스피200 선물 달러노출 ETN
Q760022,키움 K방산 TOP5 ETN
Q760023,키움 레버리지 K방산 TOP5 ETN
Q760024,키움 인버스 2X K방산 TOP5 ETN
Q760025,키움 전력 TOP5 ETN
Q760026,키움 레버리지 전력 TOP5 ETN
Q760027,키움 인버스 2X 전력 TOP5 ETN
Q760028,키움 인버스 2X 반도체TOP10 ETN
A0001A0,덕양에너젠
A000250,삼천당제약
A000440,중앙에너비스
A0004V0,엔비알모션
A0004Y0,디비금융제14호스팩
A0007C0,아크릴
A0007J0,인벤테라
A0008Z0,에스엔시스
A0009K0,에임드바이오
A001000,신라섬유
A0010F0,보원케미칼
A0010V0,제이피아이헬스케어
A0011A0,액스비스
A0013V0,삼진식품
A001540,안국약품
A0015G0,그린광학
A0015N0,아로마티카
A0015S0,페스카로
A001810,무림SP
A001840,이화공영
A002230,피에스텍
A002290,삼일기업공사
A002680,한탑
A002800,신신제약
A003100,선광
A003310,대주산업
A003380,하림지주
A0037T0,KB제32호스팩
A003800,에이스침대
A0041B0,교보18호스팩
A0041J0,엘에스스팩1호
A0041L0,하나35호스팩
A0044K0,삼성스팩10호
A004590,한국가구
A004650,창해에탄올
A004780,대륙제관
A005160,동국산업
A005290,동진쎄미켐
A0054V0,엔에이치스팩32호
A005670,푸드웰
A005710,대원산업
A005860,한일사료
A005990,매일홀딩스
A006050,국영지앤엠
A006140,피제이전자
A006620,동구바이오제약
A006730,서부T&D
A0068Y0,비엔케이제3호스팩
A006910,보성파워텍
A006920,모헨즈
A0071M0,삼성스팩11호
A0072Z0,KB제33호스팩
A007330,푸른저축은행
A007370,진양제약
A007390,네이처셀
A007530,와이엠
A007680,대원
A007720,소노스퀘어
A007770,한일화학
A007820,에스엠코어
A008290,원풍물산
A0082N0,카나프테라퓨틱스
A008370,원풍
A008470,부스타
A008830,대동기어
A0088D0,메리츠제1호스팩
A0088M0,메쥬
A0091W0,신영스팩11호
A009300,삼아제약
A0093G0,미래에셋비전스팩8호
A009520,포스코엠텍
A009620,삼보산업
A0096B0,삼성스팩12호
A0096D0,미래에셋비전스팩9호
A009730,이렘
A009780,엠에스씨
A0097F0,미래에셋비전스팩10호
A0098T0,교보19호스팩
A0099W0,미래에셋비전스팩11호
A0099X0,IBKS제25호스팩
A010170,대한광통신
A0101C0,하나36호스팩
A010240,흥국
A010280,아이티센엔텍
A010470,오리콤
A0105P0,유진스팩12호
A011040,경동제약
A011080,형지I&C
A011320,유니크
A011370,서한
A011560,세보엠이씨
A0115H0,삼성스팩13호
A012210,삼미금속
A012340,뉴인텍
A012620,원일특강
A012700,리드코프
A012790,신일제약
A012860,모베이스전자
A013030,하이록코리아
A0130D0,신한제17호스팩
A0130H0,엔에이치스팩33호
A013120,동원개발
A0132G0,교보20호스팩
A013310,아진산업
A013720,THE CUBE&
A013810,스페코
A013990,아가방컴퍼니
A014100,메디앙스
A014190,원익큐브
A014470,부방
A014570,고려제약
A014620,성광벤드
A014940,오리엔탈정공
A014950,삼익제약
A014970,삼륭물산
A015710,코콤
A015750,성우하이텍
A016100,리더스코스메틱
A016250,SGC E&C
A016600,큐캐피탈
A016670,디모아
A016790,현대사료
A016920,카스
A017000,신원종합개발
A017250,인터엠
A017480,삼현철강
A017510,세명전기
A017650,대림제지
A017890,한국알콜
A018000,유니슨
A018120,진로발효
A018290,브이티
A018310,삼목에스폼
A018620,우진비앤지
A018680,서울제약
A018700,바른손
A019010,베뉴지
A019210,와이지-원
A019540,일지테크
A019550,SBI인베스트먼트
A019570,플루토스
A019660,글로본
A019770,서연탑메탈
A019990,에너토크
A020180,대신정보통신
A020400,대동금속
A020710,시공테크
A021040,대호특수강
A021045,대호특수강우
A021080,에이티넘인베스트
A021320,KCC건설
A021650,한국큐빅
A021880,메이슨캐피탈
A022220,티케이지애강
A023160,태광
A023410,유진기업
A023440,제이스코홀딩스
A023600,삼보판지
A023760,한국캐피탈
A023770,플레이위드
A023790,동일스틸럭스
A023900,풍국주정
A023910,대한약품
A024060,흥구석유
A024120,KB오토시스
A024740,한일단조
A024800,유성티엔에스
A024830,세원물산
A024840,KBI메탈
A024850,HLB이노베이션
A024880,케이피에프
A024910,경창산업
A024940,PN풍년
A024950,삼천리자전거
A025320,시노펙스
A025440,DH오토웨어
A025550,한국선재
A025770,한국정보통신
A025870,신라에스지
A025880,케이씨피드
A025900,동화기업
A025950,동신건설
A025980,아난티
A026040,제이에스티나
A026150,특수건설
A026910,광진실업
A027040,서울전자통신
A027050,코리아나
A027360,아주IB투자
A027580,상보
A027710,팜스토리
A027830,대성창투
A028080,휴맥스홀딩스
A028300,HLB
A029480,광무
A030350,드래곤플라이
A030520,한글과컴퓨터
A030530,원익홀딩스
A030960,양지사
A031310,아이즈비전
A031330,에스에이엠티
A031510,오스템
A031860,디에이치엑스컴퍼니
A031980,피에스케이홀딩스
A032080,아즈텍WB
A032190,다우데이타
A032280,삼일
A032300,한국파마
A032500,케이엠더블유
A032540,TJ미디어
A032580,피델릭스
A032620,GC메디아이
A032680,소프트센
A032685,소프트센우
A032750,삼진
A032790,엠젠솔루션
A032800,판타지오
A032820,우리기술
A032850,비트컴퓨터
A032860,더라미
A032940,원익
A032960,동일기연
A032980,바이온
A033050,제이엠아이
A033100,제룡전기
A033130,디지틀조선
A033160,엠케이전자
A033170,시그네틱스
A033200,모아텍
A033230,인성정보
A033290,로젠
A033310,엠투엔
A033320,제이씨현시스템
A033340,좋은사람들
A033500,동성화인텍
A033540,파라텍
A033560,블루콤
A033640,네패스
A033790,피노
A033830,티비씨
A034810,해성산업
A03481K,해성산업1우
A034940,조아제약
A034950,한국기업평가
A035080,그래디언트
A035200,프럼파스트
A035290,골드앤에스
A035460,기산텔레콤
A035600,KG이니시스
A035610,솔본
A035620,바른손이앤에이
A035760,CJ ENM
A035810,이지홀딩스
A035890,서희건설
A035900,JYP Ent.
A036000,예림당
A036010,아비코전자
A036030,케이티알파
A036090,위지트
A036120,서울평가정보
A036170,에이치엠넥스
A036190,금화피에스시
A036200,유니셈
A036220,오상헬스케어
A036480,대성미생물
A036540,SFA반도체
A036560,KZ정밀
A036620,감성코퍼레이션
A036630,세종텔레콤
A036640,HRS
A036670,삼양케이씨아이
A036690,코맥스
A036710,심텍홀딩스
A036800,나이스정보통신
A036810,에프에스티
A036830,솔브레인홀딩스
A036890,진성티이씨
A036930,주성엔지니어링
A037030,파워넷
A037070,파세코
A037230,한국팩키지
A037330,인지디스플레
A037350,성도이엔지
A037370,EG
A037400,우리엔터프라이즈
A037440,희림
A037460,삼지전자
A037760,쎄니트
A037950,엘컴텍
A038010,제일테크노스
A038060,루멘스
A038070,서린바이오
A038110,에코플라스틱
A038290,마크로젠
A038390,레드캡투어
A038460,바이오스마트
A038500,삼표시멘트
A038530,케이바이오
A038540,상상인
A038620,위즈코프
A038680,에스넷
A038870,에코바이오
A038880,아이에이
A038950,파인디지털
A039010,현대에이치티
A039020,이건홀딩스
A039030,이오테크닉스
A039200,오스코텍
A039240,경남스틸
A039290,인포뱅크
A039310,세중
A039340,한국경제TV
A039420,케이엘넷
A039440,에스티아이
A039560,다산네트웍스
A039610,화성밸브
A039740,한국정보공학
A039830,오로라
A039840,디오
A039860,나노엔텍
A039980,폴라리스AI
A040160,누리플렉스
A040300,YTN
A040350,크레오에스지
A040420,정상제이엘에스
A040610,SG&G
A040910,아이씨디
A041020,폴라리스오피스
A041190,우리기술투자
A041440,현대에버다임
A041460,한국전자인증
A041510,에스엠
A041520,이엘씨
A041590,플래스크
A041830,인바디
A041910,폴라리스AI파마
A041920,메디아나
A041930,동아화성
A041960,코미팜
A042000,카페24
A042040,케이피엠테크
A042110,에스씨디
A042370,비츠로테크
A042420,네오위즈홀딩스
A042500,링네트
A042510,라온시큐어
A042520,한스바이오메드
A042600,새로닉스
A042940,상지건설
A043090,더테크놀로지
A043100,알파AI
A043150,바텍
A043200,파루
A043220,티에스넥스젠
A043260,성호전자
A043340,에쎈테크
A043360,디지아이
A043370,피에이치에이
A043590,웰킵스하이텍
A043610,KT지니뮤직
A043650,국순당
A043710,서울리거
A043910,자연과환경
A044180,KD
A044340,위닉스
A044480,빌리언스
A044490,태웅
A044780,에이치케이
A044960,이글벳
A044990,에이치엔에스하이텍
A045060,오공
A045100,한양이엔지
A045300,성우테크론
A045340,토탈소프트
A045390,대아티아이
A045510,정원엔시스
A045520,크린앤사이언스
A045660,에이텍
A045970,코아시아
A046070,코다코
A046120,오르비텍
A046210,HLB파나진
A046310,백금T&A
A046390,삼화네트웍스
A046440,KG모빌리언스
A046890,서울반도체
A046940,우원개발
A046970,우리로
A047080,한빛소프트
A047310,파워로직스
A047560,이스트소프트
A047770,코데즈컴바인
A047820,초록뱀미디어
A047920,HLB제약
A048410,현대바이오
A048430,유라테크
A048470,대동스틸
A048530,인트론바이오
A048550,SM C&C
A048770,TPC
A048830,엔피케이
A048870,시너지이노베이션
A048910,대원미디어
A049070,인탑스
A049080,기가레인
A049120,파인디앤씨
A049180,셀루메드
A049430,코메론
A049470,비트플래닛
A049480,오픈베이스
A049520,유아이엘
A049550,잉크테크
A049630,재영솔루텍
A049720,고려신용정보
A049830,승일
A049950,미래컴퍼니
A049960,쎌바이오텍
A050090,비케이홀딩스
A050110,캠시스
A050120,ES큐브
A050760,에스폴리텍
A050860,아세아텍
A050890,쏠리드
A050960,수산아이앤티
A051160,지어소프트
A051360,토비스
A051370,인터플렉스
A051380,피씨디렉트
A051390,YW
A051490,나라엠앤디
A051500,CJ프레시웨이
A051780,큐로홀딩스
A051980,중앙첨단소재
A052020,에스티큐브
A052220,iMBC
A052260,현대바이오랜드
A052300,오션인더블유
A052330,코텍
A052400,코나아이
A052420,오성첨단소재
A052460,아이크래프트
A052600,한네트
A052710,아모텍
A052770,아이톡시
A052790,액토즈소프트
A052860,아이앤씨
A052900,KX하이텍
A053030,바이넥스
A053050,지에스이
A053060,세동
A053080,케이엔솔
A053160,프리엠스
A053260,금강철강
A053270,구영테크
A053280,예스24
A053290,NE능률
A053300,한국정보인증
A053350,이니텍
A053450,세코닉스
A053580,웹케시
A053610,프로텍
A053620,태양
A053700,삼보모터스
A053800,안랩
A053950,경남제약
A053980,오상자이엘
A054040,한국컴퓨터
A054050,농우바이오
A054090,삼진엘앤디
A054180,메디콕스
A054210,이랜텍
A054220,비츠로시스
A054300,팬스타엔터프라이즈
A054410,케이피티유
A054450,텔레칩스
A054540,삼영엠텍
A054620,APS
A054670,대한뉴팜
A054780,키이스트
A054800,아이디스홀딩스
A054920,한컴위드
A054930,유신
A054940,엑사이엔씨
A054950,제이브이엠
A056080,유진로봇
A056090,시지메드텍
A056190,에스에프에이
A056360,코위버
A056700,신화인터텍
A056730,CNT85
A057030,YBM넷
A057540,옴니시스템
A057680,티사이언티픽
A058110,멕아이씨에스
A058400,KNN
A058450,한주에이알티
A058470,리노공업
A058610,에스피지
A058630,엠게임
A058820,CMG제약
A058970,엠로
A059090,미코
A059100,아이컴포넌트
A059120,아진엑스텍
A059210,메타바이오메드
A059270,해성에어로보틱스
A060150,인선이엔티
A060230,제이케이시냅스
A060240,스타코링크
A060250,NHN KCP
A060260,뉴보텍
A060280,큐렉소
A060310,3S
A060370,LS마린솔루션
A060380,동양에스텍
A060480,국일신동
A060540,에스에이티
A060560,HC홈센타
A060570,드림어스컴퍼니
A060590,씨티씨바이오
A060720,KH바텍
A060850,영림원소프트랩
A060900,에이전트AI
A061040,알에프텍
A061090,세나테크놀로지
A061250,화일약품
A061970,LB세미콘
A062970,한국첨단소재
A063080,컴투스홀딩스
A063170,서울옥션
A063440,SM Life Design
A063570,NICE인프라
A063760,이엘피
A064090,인크레더블버즈
A064240,홈캐스트
A064260,다날
A064290,인텍플러스
A064480,브리지텍
A064520,테크엘
A064550,바이오니아
A064760,티씨케이
A064800,포니링크
A064820,케이프
A064850,에프앤가이드
A065060,지엔코
A065130,탑엔지니어링
A065150,대산F&B
A065170,비엘팜텍
A065350,신성델타테크
A065370,위세아이텍
A065420,에스아이리소스
A065440,이루온
A065450,빅텍
A065500,오리엔트정공
A065510,휴비츠
A065530,와이어블
A065570,삼영이엔씨
A065650,하이퍼코퍼레이션
A065660,안트로젠
A065680,우주일렉트로
A065690,파커스
A065710,서호전기
A065770,CS
A065950,웰크론
A066130,하츠
A066310,큐에스아이
A066360,체리부로
A066410,버킷스튜디오
A066430,아이로보틱스
A066590,스모트로닉
A066620,국보디자인
A066670,디티씨
A066700,테라젠이텍스
A066790,씨씨에스
A066900,디에이피
A066910,손오공
A066980,한성크린텍
A067000,조이시티
A067010,이씨에스
A067080,대화제약
A067160,SOOP
A067170,오텍
A067280,멀티캠퍼스
A067290,JW신약
A067310,하나마이크론
A067370,선바이오
A067390,아스트
A067570,엔브이에이치코리아
A067630,HLB생명과학
A067730,로지시스
A067770,세진티에스
A067900,와이엔텍
A067920,이글루
A067990,도이치모터스
A068050,팬엔터테인먼트
A068100,케이웨더
A068240,다원시스
A068330,일신바이오
A068760,셀트리온제약
A068790,DMS
A068930,디지털대성
A068940,셀피글로벌
A069080,웹젠
A069140,누리플랜
A069330,유아이디
A069410,엔텔스
A069510,에스텍
A069540,빛과전자
A069920,엑시온그룹
A070300,엑스큐어
A070590,인티큐브
A071200,인피니트헬스케어
A071280,로체시스템즈
A071670,에이테크솔루션
A071850,캐스텍코리아
A072020,중앙백신
A072470,우리산업홀딩스
A072770,멤레이비티
A072870,메가스터디
A072950,빛샘전자
A072990,에이치시티
A073010,케이에스피
A073110,엘엠에스
A073190,듀오백
A073490,이노와이어리스
A073540,에프알텍
A073560,우리손에프앤지
A073570,리튬포어스
A073640,테라사이언스
A074430,아미노로직스
A074600,원익QnC
A075130,플랜티넷
A075970,동국알앤에스
A076080,웰크론한텍
A076610,해성옵틱스
A077360,덕산하이메탈
A078020,LS증권
A078070,유비쿼스홀딩스
A078130,국일제지
A078140,대봉엘에스
A078150,HB테크놀러지
A078160,메디포스트
A078340,컴투스
A078350,한양디지텍
A078590,휴림에이텍
A078600,대주전자재료
A078860,스테이지원엔터
A078890,가온그룹
A079000,와토스코리아
A079170,한창산업
A079190,케스피온
A079370,제우스
A079650,서산
A079810,디이엔티
A079940,가비아
A079950,인베니아
A079960,동양이엔피
A079970,투비소프트
A080010,이상네트웍스
A080160,모두투어
A080220,제주반도체
A080420,모다이노칩
A080470,성창오토텍
A080520,오디텍
A080530,코디
A080580,오킨스전자
A080720,한국유니온제약
A081150,티플랙스
A081180,쎄크
A081580,성우전자
A082210,옵트론텍
A082270,젬백스
A082660,코스나인
A082800,비보존 제약
A082850,우리바이오
A082920,비츠로셀
A083310,엘오티베큠
A083450,GST
A083470,이엠앤아이
A083500,에프엔에스테크
A083550,케이엠
A083640,인콘
A083650,비에이치아이
A083660,CSA 코스믹
A083790,CG인바이츠
A083930,아바코
A084110,휴온스글로벌
A084180,수성웹툰
A084370,유진테크
A084440,유비온
A084650,랩지노믹스
A084730,팅크웨어
A084850,아이티엠반도체
A084990,헬릭스미스
A085660,차바이오텍
A085670,뉴프렉스
A085810,알티캐스트
A085910,네오티스
A086040,바이오톡스텍
A086060,진바이오텍
A086390,유니테스트
A086450,동국제약
A086520,에코프로
A086670,비엠티
A086710,선진뷰티사이언스
A086820,바이오솔루션
A086890,이수앱지스
A086900,메디톡스
A086960,MDS테크
A086980,쇼박스
A087010,펩트론
A087260,모바일어플라이언스
A087600,픽셀플러스
A088130,동아엘텍
A088280,쏘닉스
A088290,이원컴포텍
A088340,유라클
A088390,이녹스
A088800,에이스테크
A088910,동우팜투테이블
A089010,켐트로닉스
A089030,테크윙
A089140,넥스턴앤롤코리아
A089150,케이씨티
A089230,THE E&M
A089600,KT나스미디어
A089790,제이티
A089850,유비벨록스
A089890,코세스
A089970,브이엠
A089980,상아프론테크
A090150,아이윈
A090360,로보스타
A090410,덕신이피씨
A090470,제이스텍
A090710,휴림로봇
A090850,현대이지웰
A091120,이엠텍
A091340,S&K폴리텍
A091440,한울소재과학
A091580,상신이디피
A091590,남화토건
A091700,파트론
A091970,나노캠텍
A092040,아미코젠
A092070,디엔에프
A092130,이크레더블
A092190,서울바이오시스
A092300,현우산업
A092460,한라IMS
A092600,앤씨앤
A092730,네오팜
A092870,엑시콘
A093190,빅솔론
A093320,케이아이엔엑스
A093380,풍강
A093520,매커스
A093640,케이알엠
A093920,서원인텍
A094170,동운아나텍
A094360,칩스앤미디어
A094480,갤럭시아머니트리
A094820,일진파워
A094840,슈프리마에이치큐
A094850,참좋은여행
A094860,네오리진
A094940,푸른기술
A094970,제이엠티
A095190,이엠코리아
A095270,웨이브일렉트로
A095340,ISC
A095500,미래나노텍
A095610,테스
A095660,네오위즈
A095700,제넥신
A095910,에스에너지
A096240,크레버스
A096250,와이즈넛
A096350,대창솔루션
A096530,씨젠
A096610,알에프세미
A096630,에스코넥
A096690,에이루트
A096870,엘디티
A097780,에코볼트
A097800,윈팩
A097870,효성오앤비
A098070,한텍
A098120,마이크로컨텍솔
A098460,고영
A098660,에스티오
A099190,아이센스
A099220,SDN
A099320,쎄트렉아이
A099390,브레인즈컴퍼니
A099410,동방선기
A099430,바이오플러스
A099440,스맥
A099520,DGI
A099750,이지케어텍
A100030,인지소프트
A100120,뷰웍스
A100130,동국S&C
A100590,머큐리
A100660,서암기계공업
A100700,세운메디칼
A100790,미래에셋벤처투자
A101000,KS인더스트리
A101160,월덱스
A101170,우림피티에스
A101240,씨큐브
A101330,모베이스
A101360,에코앤드림
A101390,아이엠
A101400,엔시트론
A101490,에스앤에스텍
A101670,하이드로리튬
A101680,한국정밀기계
A101730,위메이드맥스
A101930,인화정공
A101970,우양에이치씨
A102120,어보브반도체
A102370,케이옥션
A102710,이엔에프테크놀로지
A102940,코오롱생명과학
A103230,에스앤더블류
A103840,우양
A104040,대성파인텍
A104200,NHN벅스
A104460,디와이피엔에프
A104480,티케이케미칼
A104540,코렌텍
A104620,노랑풍선
A104830,원익머트리얼즈
A105330,케이엔더블유
A105550,엣지파운드리
A105740,디케이락
A105760,포스뱅크
A106080,케이이엠텍
A106190,하이텍팜
A106240,파인테크닉스
A106520,노블엠앤비
A107600,새빗켐
A107640,한중엔시에스
A108230,톱텍
A108380,대양전기공업
A108490,로보티즈
A108860,셀바스AI
A109080,옵티시스
A109610,에스와이
A109670,씨싸이트
A109740,디에스케이
A109820,진매트릭스
A109860,동일금속
A109960,앱토크롬
A110020,전진바이오팜
A110790,크리스에프앤씨
A110990,디아이티
A111710,남화산업
A112040,위메이드
A112290,와이씨켐
A113810,디젠스
A114190,강원에너지
A114450,그린생명과학
A114630,폴라리스우노
A114810,한솔아이원스
A114840,아이패밀리에스씨
A115160,휴맥스
A115180,큐리언트
A115310,인포바인
A115440,우리넷
A115450,HLB테라퓨틱스
A115480,씨유메디칼
A115500,케이씨에스
A115530,씨엔플러스
A115570,스타플렉스
A115610,이미지스
A117670,알파칩스
A117730,티로보틱스
A118990,모트렉스
A119500,포메탈
A119610,인터로조
A119830,아이텍
A119850,지엔씨에너지
A120240,대정화금
A121440,골프존홀딩스
A121600,나노신소재
A121800,비덴트
A121850,코이즈
A121890,에스디시스템
A122310,제노레이
A122350,삼기
A122450,KX
A122640,예스티
A122690,서진오토모티브
A122870,와이지엔터테인먼트
A122990,와이솔
A123010,알엔티엑스
A123040,엠에스오토텍
A123330,제닉
A123410,코리아에프티
A123420,위메이드플레이
A123570,이엠넷
A123750,알톤
A123840,뉴온
A123860,아나패스
A124500,아이티센글로벌
A124560,태웅로직스
A125020,티씨머티리얼즈
A125210,아모그린텍
A125490,한라캐스트
A126340,비나텍
A126600,BGF에코머티리얼즈
A126640,화신정공
A126700,하이비젼시스템
A126730,코칩
A126880,제이엔케이글로벌
A127120,제이에스링크
A127710,아시아경제
A127980,화인써키트
A128540,에코캡
A128660,피제이메탈
A129890,앱코
A129920,대성하이텍
A130500,GH신소재
A130580,나이스디앤비
A130740,티피씨글로벌
A131030,옵투스제약
A131090,시큐브
A131100,티엔엔터테인먼트
A131180,딜리
A131220,대한과학
A131290,티에스이
A131370,알서포트
A131400,이브이첨단소재
A131760,파인텍
A131970,두산테스나
A133750,메가엠디
A134060,이퓨쳐
A134580,탑코미디어
A136150,원일티엔아이
A136410,아셈스
A136480,하림
A136540,윈스테크넷
A137080,나래나노텍
A137400,피엔티
A137940,넥스트아이
A137950,제이씨케미칼
A138070,신진에스엠
A138080,오이솔루션
A138360,앤로보틱스
A138610,나이벡
A139050,BF랩스
A139670,키네마스터
A140070,서플러스글로벌
A140410,메지온
A140430,카티스
A140520,대창스틸
A140670,알에스오토메이션
A140860,파크시스템스
A141000,비아트론
A141080,리가켐바이오
A142210,유니트론텍
A142280,녹십자엠에스
A142760,모아라이프플러스
A143160,아이디스
A143240,사람인
A143540,영우디에스피
A144510,지씨셀
A144960,뉴파워프라즈마
A145020,휴젤
A145170,노브랜드
A146060,율촌
A146320,비씨엔씨
A147760,피엠티
A147830,제룡산업
A148150,세경하이테크
A148250,알엔투테크놀로지
A148780,비큐AI
A148930,에이치와이티씨
A149950,아바텍
A149980,하이로닉
A150900,파수
A151860,KG에코솔루션
A153460,네이블
A153490,우리이앤엘
A153710,옵티팜
A154030,아시아종묘
A154040,다산솔루에타
A155650,와이엠씨
A156100,엘앤케이바이오
A158430,아톤
A159010,아스플로
A159580,제로투세븐
A159910,에코글로우
A160190,하이젠알앤엠
A160550,NEW
A160980,싸이맥스
A161580,필옵틱스
A162300,신스틸
A163280,에어레인
A163730,핑거
A166090,하나머티리얼즈
A166480,코아스템켐온
A168330,내츄럴엔도텍
A168360,펨트론
A169330,엠브레인
A170030,현대공업
A170790,파이오링크
A170920,엘티씨
A171010,램테크놀러지
A171090,선익시스템
A171120,라이온켐텍
A172670,에이엘티
A173130,오파스넷
A173940,에프엔씨엔터
A174900,앱클론
A175140,휴먼테크놀로지
A175250,아이큐어
A176750,듀켐바이오
A177350,베셀
A177830,파버나인
A177900,쓰리에이로직스
A178320,서진시스템
A178780,일월지엠엘
A179290,엠아이텍
A179530,애드바이오텍
A179900,유티아이
A180400,DXVX
A182360,큐브엔터
A182400,엔케이젠바이오텍코리아
A183300,코미코
A183490,엔지켐생명과학
A184230,SGA솔루션즈
A185490,아이진
A186230,그린플러스
A187220,디티앤씨
A187270,신화콘텍
A187420,HLB제넥스
A187660,페니트리움바이오
A187790,나노
A187870,디바이스
A188040,바이오포트
A188260,세니젠
A189300,인텔리안테크
A189330,씨이랩
A189690,포시에스
A189860,서전기전
A189980,흥국에프엔비
A190510,나무가
A190650,코리아에셋투자증권
A191410,육일씨엔에쓰
A191420,테고사이언스
A192250,케이사인
A192390,윈하이텍
A192410,오늘이엔엠
A192440,슈피겐코리아
A193250,링크드
A194480,데브시스터즈
A194700,노바렉스
A195500,마니커에프앤지
A195940,HK이노엔
A195990,에이비프로바이오
A196170,알테오젠
A196300,HLB펩
A196450,코아시아씨엠
A196490,디에이테크놀로지
A196700,웹스
A197140,디지캡
A198080,캐프
A198440,강동씨앤엘
A198940,한주라이트메탈
A199430,케이엔알시스템
A199480,뱅크웨어글로벌
A199550,레이저옵텍
A199730,바이오인프라
A199800,툴젠
A199820,제일일렉트릭
A200130,콜마비앤에이치
A200230,텔콘RF제약
A200350,아티스트스튜디오
A200470,에이팩트
A200670,휴메딕스
A200710,에이디테크놀로지
A200780,비씨월드제약
A201490,미투온
A203400,에이비온
A203450,유니온바이오메트릭스
A203650,드림시큐리티
A203690,아크솔루션스
A204020,그리티
A204270,제이앤티씨
A204610,티쓰리
A204620,글로벌텍스프리
A204840,지엘팜텍
A205100,엑셈
A205470,휴마시스
A205500,넥써쓰
A206400,베노티앤알
A206560,덱스터
A206640,바디텍메드
A206650,유바이오로직스
A207760,미스터블루
A208140,정다운
A208350,지란지교시큐리티
A208370,셀바스헬스케어
A208640,썸에이지
A208710,포톤
A208860,다산디엠씨
A209640,와이제이링크
A210120,캔버스엔
A211050,인카금융서비스
A211270,AP위성
A212560,네오오토
A212710,아이에스티이
A213420,덕산네오룩스
A214150,클래시스
A214180,헥토이노베이션
A214260,라파스
A214270,FSN
A214370,케어젠
A214430,아이쓰리시스템
A214450,파마리서치
A214610,롤링스톤
A214680,디알텍
A215000,골프존
A215090,솔디펜스
A215100,로보로보
A215200,메가스터디교육
A215360,우리산업
A215380,우정바이오
A215480,토박스코리아
A215600,신라젠
A215790,이노인스트루먼트
A216050,인크로스
A216080,제테마
A217190,제너셈
A217270,넵튠
A217330,싸이토젠
A217480,에스디생명공학
A217500,러셀
A217620,선샤인푸드
A217730,강스템바이오텍
A217820,원익피앤이
A218150,미래생명자원
A218410,RFHIC
A219130,타이거일렉
A219420,링크제니시스
A219550,디와이디
A219750,한국비티비
A220100,퓨쳐켐
A220180,핸디소프트
A220260,켐트로스
A221800,유투바이오
A221840,하이즈항공
A221980,케이디켐
A222040,코스맥스엔비티
A222080,씨아이에스
A222110,팬젠
A222160,NPX
A222420,쎄노텍
A222800,심텍
A222980,한국맥널티
A223250,드림씨아이에스
A223310,사토시홀딩스
A224060,더코디
A224110,에이텍모빌리티
A225190,LK삼양
A225220,제놀루션
A225430,케이엠제약
A225530,HC보광산업
A225570,넥슨게임즈
A225590,패션플랫폼
A226330,신테카바이오
A226340,본느
A226400,오스테오닉
A226590,엠디바이스
A226950,올릭스
A227100,프로브잇
A227610,아우딘퓨쳐스
A227950,엔투텍
A228340,동양파일
A228670,레이
A228760,지노믹트리
A228850,레이언스
A229000,젠큐릭스
A230240,에치에프알
A230360,에코마케팅
A230980,비유테크놀러지
A232140,와이씨
A232680,라온로보틱스
A232830,아이티센피엔에스
A234030,싸이닉솔루션
A234100,폴라리스세원
A234300,에스트래픽
A234340,헥토파이낸셜
A234690,녹십자웰빙
A234920,자이글
A235980,메드팩토
A236200,슈프리마
A236810,엔비티
A237690,에스티팜
A237750,피앤씨테크
A237820,플레이디
A237880,클리오
A238090,앤디포스
A238120,얼라인드
A238200,비피도
A238490,힘스
A239340,이스트에이드
A239610,에이치엘사이언스
A239890,피엔에이치테크
A240550,동방메디컬
A240600,유진테크놀로지
A240810,원익IPS
A241520,DSC인베스트먼트
A241690,유니테크노
A241710,코스메카코리아
A241770,메카로
A241790,티이엠씨씨엔에스
A241820,피씨엘
A241840,에이스토리
A242040,나무기술
A243070,휴온스
A243840,신흥에스이씨
A244460,올리패스
A245620,EDGC
A246250,에스엘에스바이오
A246690,TS인베스트먼트
A246710,티앤알바이오팹
A246720,아스타
A246960,SCL사이언스
A247540,에코프로비엠
A247660,나노씨엠에스
A250000,보라티알
A250060,모비스
A250930,예선테크
A251120,바이오에프디엔씨
A251370,와이엠티
A251630,브이원텍
A251970,펌텍코리아
A252500,세화피앤씨
A252990,샘씨엔에스
A253450,스튜디오드래곤
A253590,네오셈
A253840,수젠텍
A254120,자비스
A254490,미래반도체
A255220,SG
A255440,야스
A256150,한독크린텍
A256630,포인트엔지니어링
A256840,한국비엔씨
A256940,킵스파마
A257370,피엔티엠에스
A257720,실리콘투
A258610,케일럼
A258790,소프트캠프
A258830,세종메디칼
A259630,엠플러스
A260660,알리코제약
A260930,씨티케이
A260970,에스앤디
A261200,덴티스
A261520,이지스
A261780,차백신연구소
A262260,에이프로
A262840,아이퀘스트
A263020,디케이앤디
A263050,유틸렉스
A263600,덕우전자
A263690,디알젬
A263700,케어랩스
A263720,디앤씨미디어
A263750,펄어비스
A263770,유에스티
A263800,데이타솔루션
A263810,상신전자
A263860,지니언스
A263920,휴엠앤씨
A264450,유비쿼스
A264660,씨앤지하이테크
A264850,이랜시스
A265520,AP시스템
A265560,영화테크
A265740,엔에프씨
A267320,나인테크
A267790,배럴
A267980,매일유업
A269620,시스웍
A270520,앱튼
A270660,에브리봇
A270870,뉴트리
A271830,팸텍
A272110,케이엔제이
A272290,이녹스첨단소재
A273060,와이즈버즈
A273640,와이엠텍
A274090,켄코아에어로스페이스
A274400,이노시뮬레이션
A275630,에스에스알
A276040,스코넥
A276730,한울앤제주
A277070,린드먼아시아
A277410,인산가
A277810,레인보우로보틱스
A277880,티에스아이
A278280,천보
A278650,HLB바이오스텝
A279600,미디어젠
A281740,레이크머티리얼즈
A282720,금양그린파워
A282880,코윈테크
A284620,카이노스메드
A285490,노바텍
A285800,진영
A286750,나노실리칸첨단소재
A287840,인투셀
A288330,파라택시스코리아
A288620,에스퓨얼셀
A288980,모아데이타
A289010,아이스크림에듀
A289080,SV인베스트먼트
A289220,자이언트스텝
A289930,웨이비스
A290090,트윔
A290120,DH오토리드
A290270,휴네시온
A290520,신도기연
A290550,디케이티
A290560,파라택시스이더리움
A290650,엘앤씨바이오
A290660,네오펙트
A290670,대보마그네틱
A290690,소룩스
A290720,푸드나무
A290740,액트로
A291230,엔피
A291650,압타머사이언스
A291810,핀텔
A293490,카카오게임즈
A293580,나우IB
A293780,압타바이오
A294090,이오플로우
A294140,레몬
A294570,쿠콘
A294630,서남
A295310,에이치브이엠
A296640,이노룰스
A297090,씨에스베어링
A297570,알로이스
A297890,HB솔루션
A298060,에스씨엠생명과학
A298380,에이비엘바이오
A298540,더네이쳐홀딩스
A298830,슈어소프트테크
A299030,하나기술
A299170,더블유에스아이
A299660,셀리드
A299900,위지윅스튜디오
A300080,플리토
A300120,라온피플
A301300,바이브컴퍼니
A302430,이노메트리
A302550,리메드
A303030,지니틱스
A303360,프로티아
A303530,이노뎁
A303810,동국생명과학
A304100,솔트룩스
A304360,에스바이오메딕스
A304840,피플바이오
A305090,마이크로디지탈
A306040,에스제이그룹
A306620,지아이에스
A307180,아이엘
A307280,원바이오젠
A307750,국전약품
A307870,비투엔
A307930,컴퍼니케이
A308080,바이젠셀
A308100,형지글로벌
A308430,셀비온
A309710,아이티켐
A309930,조이웍스앤코
A309960,LB인베스트먼트
A310200,애니플러스
A310210,보로노이
A310870,디와이씨
A311320,지오엘리먼트
A311390,네오크레마
A311690,CJ 바이오사이언스
A312610,에이에프더블류
A313760,캐리
A314130,지놈앤컴퍼니
A314140,알피바이오
A314930,바이오다인
A315640,딥노이드
A317120,라닉스
A317240,TS트릴리온
A317330,덕산테코피아
A317530,캐리소프트
A317690,퀀타매트릭스
A317770,엑스페릭스
A317830,에스피시스템스
A317850,대모
A317870,엔바이오니아
A318000,KBG
A318010,팜스빌
A318020,포인트모바일
A318060,그래피
A318160,셀바이오휴먼텍
A318410,비비씨
A319400,현대무벡스
A319660,피에스케이
A320000,한울반도체
A321260,프로이천
A321370,센서뷰
A321550,티움바이오
A321820,아티스트컴퍼니
A322180,LS티라유텍
A322310,오로스테크놀로지
A322510,제이엘케이
A322780,코퍼스코리아
A323280,태성
A323350,다원넥스뷰
A323990,박셀바이오
A327260,RF머트리얼즈
A328130,루닛
A328380,솔트웨어
A330350,위더스제약
A330730,스톤브릿지벤처스
A330860,네패스아크
A331380,포커스에이아이
A331520,밸로프
A331740,아우토크립트
A331920,셀레믹스
A332290,누보
A332370,아이디피
A332570,PS일렉트로닉스
A333050,모코엠시스
A333430,일승
A333620,엔시스
A334970,프레스티지바이오로직스
A335810,프리시젼바이오
A335870,윙스풋
A336060,웨이버스
A336570,원텍
A336680,탑런토탈솔루션
A337930,젝시믹스
A338220,뷰노
A338840,와이바이오로직스
A339950,아이비김영
A340360,다보링크
A340440,세림B&G
A340450,지씨지놈
A340570,티앤엘
A340810,시선AI
A340930,유일에너테크
A342870,오아
A344860,이노진
A347000,센코
A347700,스피어
A347740,피엔케이피부임상연구센타
A347770,핌스
A347850,디앤디파마텍
A347860,알체라
A347890,엠투아이
A348030,모비릭스
A348080,큐라티스
A348150,고바이오랩
A348210,넥스틴
A348340,뉴로메카
A348350,위드텍
A348370,엔켐
A351320,넥사다이내믹스
A351330,이삭엔지니어링
A351870,차이커뮤니케이션
A352090,스톰테크
A352480,씨앤씨인터내셔널
A352700,씨앤투스
A352770,셀레스트라
A352910,오비고
A352940,인바이오
A353190,휴럼
A353590,오토앤
A353810,이지바이오
A354200,엔젠바이오
A354320,알멕
A355150,코스텍시스
A355390,크라우드웍스
A355690,에이텀
A356680,엑스게이트
A356860,티엘비
A356890,싸이버원
A357230,에이치피오
A357550,석경에이티
A357580,아모센스
A357780,솔브레인
A357880,SKAI
A358570,지아이이노베이션
A359090,씨엔알리서치
A360070,탑머티리얼
A360350,코셈
A361390,제노코
A361570,알비더블유
A361670,삼영에스앤씨
A362320,청담글로벌
A362990,드림인사이트
A363250,진시스템
A363260,모비데이즈
A364950,에이아이코리아
A365270,큐라클
A365330,에스와이스틸텍
A365340,성일하이텍
A365590,하이딥
A365900,브이씨
A366030,공구우먼
A367000,플래티어
A368600,아이씨에이치
A368770,파이버프로
A368970,오에스피
A369370,블리츠웨이엔터테인먼트
A370090,퓨런티어
A371950,풍원정밀
A372170,윤성에프앤씨
A372320,큐로셀
A372800,아이티아이즈
A373110,엑셀세라퓨틱스
A373160,데이원컴퍼니
A373170,엠아이큐브솔루션
A373200,엑스플러스
A376180,피코그램
A376270,HEM파마
A376290,씨유테크
A376300,디어유
A376900,로킷헬스케어
A376930,노을
A376980,원티드랩
A377030,비트맥스
A377220,프롬바이오
A377330,이지트로닉스
A377450,리파인
A377460,위니아에이드
A377480,마음AI
A378340,필에너지
A378800,샤페론
A380540,옵티코어
A380550,뉴로핏
A381620,제닉스로보틱스
A382150,온코크로스
A382480,지아이텍
A382800,지앤비에스 에코
A382840,원준
A382900,범한퓨얼셀
A383310,에코프로에이치엔
A383930,디티앤씨알오
A384470,코어라인소프트
A387570,파인메딕스
A388050,지투파워
A388210,씨엠티엑스
A388610,지에프씨생명과학
A388720,유일로보틱스
A388790,라이콤
A388870,파로스아이바이오
A389020,자람테크놀로지
A389030,지니너스
A389140,포바이포
A389260,대명에너지
A389470,인벤티지랩
A389500,에스비비테크
A389650,넥스트바이오메디컬
A389680,유디엠텍
A391710,코닉오토메이션
A393210,토마토시스템
A393890,더블유씨피
A393970,대진첨단소재
A394280,오픈엣지테크놀로지
A394420,리센스메디컬
A394800,쓰리빌리언
A396270,넥스트칩
A396300,세아메카닉스
A396470,워트
A397030,에이프릴바이오
A397810,애드포러스
A398120,에스지헬스케어
A399720,가온칩스
A402030,코난테크놀로지
A402490,그린리소스
A403490,우듬지팜
A403850,더핑크퐁컴퍼니
A403870,HPSP
A405000,플라즈맵
A405100,큐알티
A405920,나라셀라
A406820,뷰티스킨
A407400,꿈비
A408470,한패스
A408900,스튜디오미르
A408920,메쎄이상
A411080,샌즈랩
A412350,레이저쎌
A412540,제일엠앤에스
A413390,엠오티
A413630,씨피시스템
A413640,비아이매트릭스
A415380,스튜디오삼익
A416180,신성에스티
A417010,나노팀
A417180,핑거스토리
A417200,LS머트리얼즈
A417500,제이아이테크
A417790,트루엔
A417840,저스템
A417860,오브젠
A417970,모델솔루션
A418250,시큐레터
A418420,라온텍
A418470,KT밀리의서재
A418550,제이오
A418620,E8
A419050,삼기에너지솔루션즈
A419080,엔젯
A419120,산돌
A419530,SAMG엔터
A419540,비스토스
A420570,제이투케이바이오
A420770,기가비스
A424760,벨로크
A424870,이뮨온시아
A424960,스마트레이더시스템
A424980,마이크로투나노
A425040,티이엠씨
A425420,티에프이
A429270,시지트로닉스
A430690,한싹
A431190,케이쓰리아이
A432430,와이랩
A432470,케이엔에스
A432720,퀄리타스반도체
A432980,엠에프씨
A434480,모니터랩
A435570,에르코스
A437730,삼현
A438700,버넥트
A439090,마녀공장
A439580,블루엠텍
A440110,파두
A440290,HB인베스트먼트
A440320,오픈놀
A441270,파인엠텍
A443250,레뷰코퍼레이션
A443670,에스피소프트
A444530,심플랫폼
A445090,에이직랜드
A445180,퓨릿
A445680,큐리옥스바이오시스템즈
A446540,메가터치
A446840,지슨
A448280,에코아이
A448710,코츠테크놀로지
A448900,한국피아이엠
A450330,하스
A450520,인스웨이브
A450950,아스테라시스
A451220,아이엠티
A451250,삐아
A451700,엔에이치스팩29호
A451760,컨텍
A452160,제이엔비
A452190,한빛레이저
A452200,민테크
A452280,한선엔지니어링
A452300,캡스톤파트너스
A452400,이닉스
A452430,사피엔반도체
A452450,피아이이
A452670,상상인제4호스팩
A452980,신한제11호스팩
A453450,그리드위즈
A453860,에이에스텍
A455180,케이지에이
A455310,한화플러스제4호스팩
A455900,엔젤로보틱스
A456010,아이씨티케이
A456070,이엔셀
A456160,지투지바이오
A457370,한켐
A457550,우진엔텍
A457600,벡트
A457630,대신밸런스제16호스팩
A458350,에스팀
A458650,성우
A458870,씨어스테크놀로지
A459100,위츠
A459510,나우로보틱스
A459550,알트
A460470,아이빔테크놀로지
A460870,에스엠씨지
A460930,현대힘스
A460940,피앤에스로보틱스
A461030,아이엠비디엑스
A461300,아이스크림미디어
A462020,에이치엠씨제6호스팩
A462310,뉴키즈온
A462350,이노스페이스
A462510,라메디텍
A462860,더즌
A462980,아이지넷
A463020,뉴엔AI
A463480,모티브링크
A464080,에스오에스랩
A464280,티디에스팜
A464440,한국제13호스팩
A464490,쿼드메디슨
A464500,아이언디바이스
A464580,닷밀
A464680,KB제27호스팩
A465320,교보15호스팩
A465480,인스피언
A466100,클로봇
A466410,사이냅소프트
A466690,키움히어로제1호스팩
A466910,엔에이치스팩30호
A467930,IBKS제23호스팩
A468530,프로티나
A468760,유진스팩10호
A469480,IBKS제24호스팩
A469610,이노테크
A469750,아이비젼웍스
A469880,하나30호스팩
A469900,하나31호스팩
A471050,대신밸런스제17호스팩
A471820,셀로맥스사이언스
A472220,신영스팩10호
A472230,에스케이증권제11호스팩
A472850,폰드그룹
A473000,에스케이증권제12호스팩
A473050,유안타제15호스팩
A473950,에스케이증권제13호스팩
A473980,노머스
A474170,루미르
A474490,유안타제16호스팩
A474610,RF시스템즈
A474650,링크솔루션
A474660,신한제12호스팩
A474930,신한제13호스팩
A475230,엔알비
A475240,하나32호스팩
A475250,하나33호스팩
A475400,씨메스
A475430,키스트론
A475460,미트박스
A475580,에이럭스
A475660,에스켐
A475830,오름테라퓨틱
A475960,토모큐브
A476040,오가노이드사이언스
A476060,온코닉테라퓨틱스
A476080,M83
A476830,알지노믹스
A477340,에이치엠씨제7호스팩
A477380,미래에셋비전스팩4호
A477470,미래에셋비전스팩5호
A477760,DB금융스팩12호
A478110,이베스트스팩6호
A478340,나라스페이스테크놀로지
A478390,KB제29호스팩
A478440,미래에셋비전스팩6호
A478560,블랙야크아이앤씨
A479880,한국제15호스팩
A479960,위너스
A481070,에이유브랜즈
A481890,엔에이치스팩31호
A482520,교보16호스팩
A482630,삼양엔씨켐
A482680,미래에셋비전스팩7호
A482690,대신밸런스제19호스팩
A484120,도우인시스
A484130,하나34호스팩
A484590,삼양컴텍
A484810,티엑스알로보틱스
A486630,KB제30호스팩
A486990,노타
A487360,신한제14호스팩
A487720,키움제10호스팩
A487830,신한제15호스팩
A488060,유진스팩11호
A488280,에스투더블유
A488900,비츠로넥스텍
A489210,교보17호스팩
A489460,바이오비쥬
A489480,키움제11호스팩
A489500,엘케이켐
A489730,디비금융제13호스팩
A490470,세미파이브
A491000,리브스메드
A492220,KB제31호스팩
A493280,아이엠바이오로직스
A493330,지에프아이
A493790,유안타제17호스팩
A494120,큐리오시스
A496070,신한제16호스팩
A498390,한화플러스제5호스팩
A900070,글로벌에스엠
A900100,애머릿지
A900110,이스트아시아홀딩스
A900120,씨엑스아이
A900250,크리스탈신소재
A900260,로스웰
A900270,헝셩그룹
A900290,GRT
A900300,오가닉티코스메틱
A900310,컬러레이
A900340,윙입푸드
A950130,엑세스바이오
A950140,잉글우드랩
A950160,코오롱티슈진
A950170,JTC
A950190,고스트스튜디오
A950200,소마젠
A950220,네오이뮨텍
A950250,테라뷰
